multa_id,patente,fecha,hora,velocidad_registrada,velocidad_maxima,ubicacion,radar_id,estado_multa,exceso_velocidad_real,exceso_velocidad,imagen,patente_imagen,ratio
8,BP717,2023-01-11,08:01,70.0,60,AV SIEMPRE VIVA,R01,PAGADA,10.0,7.0,/content/Urban_Flow-Villalba_Ezequiel/urban_flow/data/raw/imgs/urban_flow_plates/e1120bfe48f85c1b_patente.jpg,BP717,100.0
17,5777770,2020-01-29,09:02,93.0,40,AV SIEMPRE VIVA,R02,APELADA,53.0,51.0,/content/Urban_Flow-Villalba_Ezequiel/urban_flow/data/raw/imgs/urban_flow_plates/7f56adf4b9306ac9_patente.jpg,5777770,100.0
21,BHRP770,1932-01-01,08:01,71.0,60,RUTA 9,R03,PAGADA,11.0,8.0,/content/Urban_Flow-Villalba_Ezequiel/urban_flow/data/raw/imgs/urban_flow_plates/321ffb38656f7311_patente.jpg,BHRP770,100.0
24,XIIUME,2021-06-12,08:01,52.0,40,AV SIEMPRE VIVA,R03,IMPAGA,12.0,10.0,/content/Urban_Flow-Villalba_Ezequiel/urban_flow/data/raw/imgs/urban_flow_plates/64de505bd2bac82b_patente.jpg,XIIUME,100.0
26,HF58HXP,2022-11-20,14:01,62.0,40,RUTA 9,,APELADA,22.0,20.0,/content/Urban_Flow-Villalba_Ezequiel/urban_flow/data/raw/imgs/urban_flow_plates/9a795bbf4e94d630_patente.jpg,HF5BHXP,85.71
31,M431ZW,1932-01-01,14:01,123.0,60,RUTA 9,R03,PAGADA,63.0,60.0,/content/Urban_Flow-Villalba_Ezequiel/urban_flow/data/raw/imgs/urban_flow_plates/299f0363ae21d1c3_patente.jpg,M431ZM,83.33
36,J1S1,1932-01-01,18:01,85.0,40,AV LIBERTADOR,,APELADA,45.0,43.0,/content/Urban_Flow-Villalba_Ezequiel/urban_flow/data/raw/imgs/urban_flow_plates/e82f13b4a2fe69f3_patente_1.jpg,J1S1,100.0
41,6611172,2022-02-26,08:02,109.0,60,AV LIBERTADOR,R02,PAGADA,49.0,46.0,/content/Urban_Flow-Villalba_Ezequiel/urban_flow/data/raw/imgs/urban_flow_plates/7a1f9520c7ecd5b1_patente.jpg,6611172,100.0
44,GCP332,2024-01-26,14:02,106.0,40,AV LIBERTADOR,,IMPAGA,66.0,64.0,/content/Urban_Flow-Villalba_Ezequiel/urban_flow/data/raw/imgs/urban_flow_plates/d648b2ae1abc09f3_patente.jpg,G0GCP332,85.71
47,W326AVE,2020-05-28,00:00,70.0,60,RUTA 9,R01,IMPAGA,10.0,7.0,/content/Urban_Flow-Villalba_Ezequiel/urban_flow/data/raw/imgs/urban_flow_plates/6c144e47161867c2_patente.jpg,W326AVE,100.0
50,GCP332,2023-12-08,08:02,66.0,40,AV SIEMPRE VIVA,R02,APELADA,26.0,24.0,/content/Urban_Flow-Villalba_Ezequiel/urban_flow/data/raw/imgs/urban_flow_plates/d648b2ae1abc09f3_patente.jpg,G0GCP332,85.71
51,BB8986,2023-04-18,08:03,90.0,80,RUTA 9,R02,IMPAGA,10.0,6.0,/content/Urban_Flow-Villalba_Ezequiel/urban_flow/data/raw/imgs/urban_flow_plates/7cbc7ee444622a66_patente.jpg,BB8986,100.0
53,HF58HXP,1932-01-01,09:04,50.0,40,AV SIEMPRE VIVA,R02,PAGADA,10.0,8.0,/content/Urban_Flow-Villalba_Ezequiel/urban_flow/data/raw/imgs/urban_flow_plates/9a795bbf4e94d630_patente.jpg,HF5BHXP,85.71
59,FD1475,2022-01-07,14:03,59.0,40,RUTA 9,R02,PAGADA,19.0,17.0,/content/Urban_Flow-Villalba_Ezequiel/urban_flow/data/raw/imgs/urban_flow_plates/d8daed582e6cce2d_patente.jpg,FD147,90.91
60,FVIOUHP,1932-01-01,18:02,124.0,80,RUTA 9,R01,APELADA,44.0,40.0,/content/Urban_Flow-Villalba_Ezequiel/urban_flow/data/raw/imgs/urban_flow_plates/28e26a4eb646c67a_patente.jpg,FVIDUHP,85.71
61,VY90540,2022-11-08,00:00,99.0,80,RUTA 9,R01,ERROR,19.0,15.0,/content/Urban_Flow-Villalba_Ezequiel/urban_flow/data/raw/imgs/urban_flow_plates/288a95c01e43cd14_patente.jpg,VY90540,100.0
64,M431ZW,1932-01-01,09:04,86.0,80,RUTA 9,R01,APELADA,6.0,2.0,/content/Urban_Flow-Villalba_Ezequiel/urban_flow/data/raw/imgs/urban_flow_plates/299f0363ae21d1c3_patente.jpg,M431ZM,83.33
68,HK06YMX,2020-11-11,14:03,76.0,40,AV SIEMPRE VIVA,,PAGADA,36.0,34.0,/content/Urban_Flow-Villalba_Ezequiel/urban_flow/data/raw/imgs/urban_flow_plates/9a4fe6361597f264_patente.jpg,HKO6YMX,85.71
69,VNK296GP,2021-05-25,18:02,77.0,40,RUTA 9,R03,IMPAGA,37.0,35.0,/content/Urban_Flow-Villalba_Ezequiel/urban_flow/data/raw/imgs/urban_flow_plates/16789af24af158d8_patente.jp2,NK226GP,80.0
72,HK06YMX,2021-05-30,14:03,104.0,60,AV SIEMPRE VIVA,R02,PAGADA,44.0,41.0,/content/Urban_Flow-Villalba_Ezequiel/urban_flow/data/raw/imgs/urban_flow_plates/9a4fe6361597f264_patente.jpg,HKO6YMX,85.71
75,W326AVE,2021-04-21,00:00,57.0,40,AV LIBERTADOR,R01,PAGADA,17.0,15.0,/content/Urban_Flow-Villalba_Ezequiel/urban_flow/data/raw/imgs/urban_flow_plates/6c144e47161867c2_patente.jpg,W326AVE,100.0
79,MVU4688,1932-01-01,08:04,96.0,60,AV SIEMPRE VIVA,R02,ERROR,36.0,33.0,/content/Urban_Flow-Villalba_Ezequiel/urban_flow/data/raw/imgs/urban_flow_plates/3feecc5809a29627_patente.jpg,MVU4688,100.0
82,5777770,2020-02-13,09:05,60.0,40,AV SIEMPRE VIVA,R01,PAGADA,20.0,18.0,/content/Urban_Flow-Villalba_Ezequiel/urban_flow/data/raw/imgs/urban_flow_plates/7f56adf4b9306ac9_patente.jpg,5777770,100.0
90,MVU4688,2023-09-21,18:04,49.0,40,RUTA 9,,PAGADA,9.0,7.0,/content/Urban_Flow-Villalba_Ezequiel/urban_flow/data/raw/imgs/urban_flow_plates/3feecc5809a29627_patente.jpg,MVU4688,100.0
93,3646HBH,2022-04-23,08:04,73.0,60,AV LIBERTADOR,R01,IMPAGA,13.0,10.0,/content/Urban_Flow-Villalba_Ezequiel/urban_flow/data/raw/imgs/urban_flow_plates/d3729058c6a4186e_patente.jpg,3646HBH,100.0
103,5777770,2020-05-19,09:06,91.0,60,AV LIBERTADOR,R03,ERROR,31.0,28.0,/content/Urban_Flow-Villalba_Ezequiel/urban_flow/data/raw/imgs/urban_flow_plates/7f56adf4b9306ac9_patente.jpg,5777770,100.0
140,MVU4688,1932-01-01,09:08,110.0,60,AV LIBERTADOR,R03,PAGADA,50.0,47.0,/content/Urban_Flow-Villalba_Ezequiel/urban_flow/data/raw/imgs/urban_flow_plates/3feecc5809a29627_patente.jpg,MVU4688,100.0
144,HF58HXP,1932-01-01,08:06,79.0,40,RUTA 9,R03,ERROR,39.0,37.0,/content/Urban_Flow-Villalba_Ezequiel/urban_flow/data/raw/imgs/urban_flow_plates/9a795bbf4e94d630_patente.jpg,HF5BHXP,85.71
148,FD1475,2023-10-07,09:08,106.0,80,AV LIBERTADOR,R03,ERROR,26.0,22.0,/content/Urban_Flow-Villalba_Ezequiel/urban_flow/data/raw/imgs/urban_flow_plates/d8daed582e6cce2d_patente.jpg,FD147,90.91
155,691XC80,2024-01-03,00:00,116.0,80,RUTA 9,R01,PAGADA,36.0,32.0,/content/Urban_Flow-Villalba_Ezequiel/urban_flow/data/raw/imgs/urban_flow_plates/5a122adbb1a776b7_patente.jpg,691XC80,100.0
164,MVU4688,2020-10-07,00:00,97.0,80,RUTA 9,R03,PAGADA,17.0,13.0,/content/Urban_Flow-Villalba_Ezequiel/urban_flow/data/raw/imgs/urban_flow_plates/3feecc5809a29627_patente.jpg,MVU4688,100.0
166,BM351,2020-02-24,14:05,112.0,80,RUTA 9,,ERROR,32.0,28.0,/content/Urban_Flow-Villalba_Ezequiel/urban_flow/data/raw/imgs/urban_flow_plates/9995dfc6e0eae5a1_patente.jpg,BM351,100.0
183,UM96201,1932-01-01,08:08,102.0,40,AV SIEMPRE VIVA,R03,PAGADA,62.0,60.0,/content/Urban_Flow-Villalba_Ezequiel/urban_flow/data/raw/imgs/urban_flow_plates/09453a7c716a9ef3_patente.jpg,UM96201,100.0
184,81ZFJD,1932-01-01,00:00,111.0,80,RUTA 9,R03,ERROR,31.0,27.0,/content/Urban_Flow-Villalba_Ezequiel/urban_flow/data/raw/imgs/urban_flow_plates/02a6ef3d9bd68e91_patente.jpg,81ZFD,90.91
190,VNK296GP,2020-03-03,09:10,153.0,80,AV LIBERTADOR,R01,PAGADA,73.0,69.0,/content/Urban_Flow-Villalba_Ezequiel/urban_flow/data/raw/imgs/urban_flow_plates/16789af24af158d8_patente.jp2,NK226GP,80.0
191,VY90540,2022-02-05,08:08,98.0,60,RUTA 9,,IMPAGA,38.0,35.0,/content/Urban_Flow-Villalba_Ezequiel/urban_flow/data/raw/imgs/urban_flow_plates/288a95c01e43cd14_patente.jpg,VY90540,100.0
193,3646HBH,2021-04-03,09:10,117.0,40,AV SIEMPRE VIVA,R01,PAGADA,77.0,75.0,/content/Urban_Flow-Villalba_Ezequiel/urban_flow/data/raw/imgs/urban_flow_plates/d3729058c6a4186e_patente.jpg,3646HBH,100.0
200,5777770,2022-09-13,14:06,85.0,60,RUTA 9,R02,PAGADA,25.0,22.0,/content/Urban_Flow-Villalba_Ezequiel/urban_flow/data/raw/imgs/urban_flow_plates/7f56adf4b9306ac9_patente.jpg,5777770,100.0
202,6611172,1932-01-01,18:09,137.0,60,RUTA 9,R03,ERROR,77.0,74.0,/content/Urban_Flow-Villalba_Ezequiel/urban_flow/data/raw/imgs/urban_flow_plates/7a1f9520c7ecd5b1_patente.jpg,6611172,100.0
204,6611172,2020-04-18,14:06,93.0,80,AV LIBERTADOR,R03,PAGADA,13.0,9.0,/content/Urban_Flow-Villalba_Ezequiel/urban_flow/data/raw/imgs/urban_flow_plates/7a1f9520c7ecd5b1_patente.jpg,6611172,100.0
208,VNK296GP,1932-01-01,09:11,79.0,60,AV LIBERTADOR,R02,ERROR,19.0,16.0,/content/Urban_Flow-Villalba_Ezequiel/urban_flow/data/raw/imgs/urban_flow_plates/16789af24af158d8_patente.jp2,NK226GP,80.0
211,2999961,2022-06-06,00:00,97.0,80,RUTA 9,R03,PAGADA,17.0,13.0,/content/Urban_Flow-Villalba_Ezequiel/urban_flow/data/raw/imgs/urban_flow_plates/5ff91ccfc6f15d04_patente.jpg,2999961,100.0
216,M431ZW,2022-03-07,09:11,109.0,60,RUTA 9,R03,APELADA,49.0,46.0,/content/Urban_Flow-Villalba_Ezequiel/urban_flow/data/raw/imgs/urban_flow_plates/299f0363ae21d1c3_patente.jpg,M431ZM,83.33
218,5777770,1932-01-01,00:00,129.0,60,AV LIBERTADOR,R02,APELADA,69.0,66.0,/content/Urban_Flow-Villalba_Ezequiel/urban_flow/data/raw/imgs/urban_flow_plates/7f56adf4b9306ac9_patente.jpg,5777770,100.0
222,XIIUME,2023-06-25,18:10,83.0,60,AV SIEMPRE VIVA,R03,ERROR,23.0,20.0,/content/Urban_Flow-Villalba_Ezequiel/urban_flow/data/raw/imgs/urban_flow_plates/64de505bd2bac82b_patente.jpg,XIIUME,100.0
228,CT5B876,1932-01-01,18:10,141.0,80,RUTA 9,R02,APELADA,61.0,57.0,/content/Urban_Flow-Villalba_Ezequiel/urban_flow/data/raw/imgs/urban_flow_plates/39c193bcc0c00f9e_patente.jpg,C75B876,85.71
231,AI7OVF,2021-04-05,14:07,108.0,60,AV LIBERTADOR,R03,APELADA,48.0,45.0,/content/Urban_Flow-Villalba_Ezequiel/urban_flow/data/raw/imgs/urban_flow_plates/747b0f12f54703ee_patente.jpg,AI70VF,83.33
240,W326AVE,2020-07-31,08:10,100.0,80,AV SIEMPRE VIVA,R01,APELADA,20.0,16.0,/content/Urban_Flow-Villalba_Ezequiel/urban_flow/data/raw/imgs/urban_flow_plates/6c144e47161867c2_patente.jpg,W326AVE,100.0
241,CT5B876,2022-06-04,18:11,65.0,40,RUTA 9,R03,ERROR,25.0,23.0,/content/Urban_Flow-Villalba_Ezequiel/urban_flow/data/raw/imgs/urban_flow_plates/39c193bcc0c00f9e_patente.jpg,C75B876,85.71
248,VY90540,2020-08-30,18:11,123.0,60,AV LIBERTADOR,,ERROR,63.0,60.0,/content/Urban_Flow-Villalba_Ezequiel/urban_flow/data/raw/imgs/urban_flow_plates/288a95c01e43cd14_patente.jpg,VY90540,100.0
249,6611172,2020-04-13,08:10,78.0,60,AV LIBERTADOR,R02,APELADA,18.0,15.0,/content/Urban_Flow-Villalba_Ezequiel/urban_flow/data/raw/imgs/urban_flow_plates/7a1f9520c7ecd5b1_patente.jpg,6611172,100.0
256,XIIUME,2020-04-30,00:00,125.0,80,AV SIEMPRE VIVA,R03,ERROR,45.0,41.0,/content/Urban_Flow-Villalba_Ezequiel/urban_flow/data/raw/imgs/urban_flow_plates/64de505bd2bac82b_patente.jpg,XIIUME,100.0
257,BM351,2023-03-31,14:08,78.0,40,AV SIEMPRE VIVA,R02,ERROR,38.0,36.0,/content/Urban_Flow-Villalba_Ezequiel/urban_flow/data/raw/imgs/urban_flow_plates/9995dfc6e0eae5a1_patente.jpg,BM351,100.0
262,BHRP770,2020-03-29,00:00,94.0,60,AV LIBERTADOR,R01,ERROR,34.0,31.0,/content/Urban_Flow-Villalba_Ezequiel/urban_flow/data/raw/imgs/urban_flow_plates/321ffb38656f7311_patente.jpg,BHRP770,100.0
288,GCP332,2023-05-31,08:11,91.0,80,RUTA 9,,IMPAGA,11.0,7.0,/content/Urban_Flow-Villalba_Ezequiel/urban_flow/data/raw/imgs/urban_flow_plates/d648b2ae1abc09f3_patente.jpg,G0GCP332,85.71
297,GOOGLE,2022-07-22,00:00,88.0,60,AV SIEMPRE VIVA,R03,APELADA,28.0,25.0,/content/Urban_Flow-Villalba_Ezequiel/urban_flow/data/raw/imgs/urban_flow_plates/593e594137f374ab.jpg,SGOOGLE,92.31
298,VY90540,2021-09-18,00:00,99.0,80,RUTA 9,R01,ERROR,19.0,15.0,/content/Urban_Flow-Villalba_Ezequiel/urban_flow/data/raw/imgs/urban_flow_plates/288a95c01e43cd14_patente.jpg,VY90540,100.0
301,J1S1,1932-01-01,09:13,121.0,80,AV SIEMPRE VIVA,,PAGADA,41.0,37.0,/content/Urban_Flow-Villalba_Ezequiel/urban_flow/data/raw/imgs/urban_flow_plates/e82f13b4a2fe69f3_patente_1.jpg,J1S1,100.0
306,XIIUME,2023-07-26,08:12,133.0,80,AV SIEMPRE VIVA,R02,IMPAGA,53.0,49.0,/content/Urban_Flow-Villalba_Ezequiel/urban_flow/data/raw/imgs/urban_flow_plates/64de505bd2bac82b_patente.jpg,XIIUME,100.0
308,FD1475,2022-09-13,08:12,153.0,80,RUTA 9,,ERROR,73.0,69.0,/content/Urban_Flow-Villalba_Ezequiel/urban_flow/data/raw/imgs/urban_flow_plates/d8daed582e6cce2d_patente.jpg,FD147,90.91
315,MPX9357,2020-02-10,09:14,104.0,60,AV LIBERTADOR,R03,IMPAGA,44.0,41.0,/content/Urban_Flow-Villalba_Ezequiel/urban_flow/data/raw/imgs/urban_flow_plates/182268e1f8c6525f_patente.jpg,MPX9357,100.0
327,J1S1,2020-02-28,00:00,93.0,40,AV LIBERTADOR,R01,ERROR,53.0,51.0,/content/Urban_Flow-Villalba_Ezequiel/urban_flow/data/raw/imgs/urban_flow_plates/e82f13b4a2fe69f3_patente_1.jpg,J1S1,100.0
329,UM96201,2021-11-17,18:15,133.0,60,RUTA 9,R03,APELADA,73.0,70.0,/content/Urban_Flow-Villalba_Ezequiel/urban_flow/data/raw/imgs/urban_flow_plates/09453a7c716a9ef3_patente.jpg,UM96201,100.0
332,HK06YMX,2023-10-09,00:00,151.0,80,AV SIEMPRE VIVA,,PAGADA,71.0,67.0,/content/Urban_Flow-Villalba_Ezequiel/urban_flow/data/raw/imgs/urban_flow_plates/9a4fe6361597f264_patente.jpg,HKO6YMX,85.71
342,6611172,2023-12-03,09:16,79.0,40,AV LIBERTADOR,R03,APELADA,39.0,37.0,/content/Urban_Flow-Villalba_Ezequiel/urban_flow/data/raw/imgs/urban_flow_plates/7a1f9520c7ecd5b1_patente.jpg,6611172,100.0
353,FVIOUHP,2023-02-22,14:12,127.0,80,AV LIBERTADOR,,PAGADA,47.0,43.0,/content/Urban_Flow-Villalba_Ezequiel/urban_flow/data/raw/imgs/urban_flow_plates/28e26a4eb646c67a_patente.jpg,FVIDUHP,85.71
354,HF58HXP,2020-12-25,14:12,105.0,80,AV LIBERTADOR,R01,APELADA,25.0,21.0,/content/Urban_Flow-Villalba_Ezequiel/urban_flow/data/raw/imgs/urban_flow_plates/9a795bbf4e94d630_patente.jpg,HF5BHXP,85.71
364,HK06YMX,1932-01-01,14:12,90.0,40,AV LIBERTADOR,R02,PAGADA,50.0,48.0,/content/Urban_Flow-Villalba_Ezequiel/urban_flow/data/raw/imgs/urban_flow_plates/9a4fe6361597f264_patente.jpg,HKO6YMX,85.71
380,691XC80,2023-09-29,09:18,103.0,80,AV LIBERTADOR,R01,APELADA,23.0,19.0,/content/Urban_Flow-Villalba_Ezequiel/urban_flow/data/raw/imgs/urban_flow_plates/5a122adbb1a776b7_patente.jpg,691XC80,100.0
382,589222,1932-01-01,08:14,135.0,80,AV SIEMPRE VIVA,R01,IMPAGA,55.0,51.0,/content/Urban_Flow-Villalba_Ezequiel/urban_flow/data/raw/imgs/urban_flow_plates/246a0e4264a39433_patente.jpg,589222,100.0
388,81ZFJD,2020-11-21,09:18,119.0,40,AV LIBERTADOR,R03,ERROR,79.0,77.0,/content/Urban_Flow-Villalba_Ezequiel/urban_flow/data/raw/imgs/urban_flow_plates/02a6ef3d9bd68e91_patente.jpg,81ZFD,90.91
392,J1S1,1932-01-01,18:18,134.0,60,RUTA 9,,PAGADA,74.0,71.0,/content/Urban_Flow-Villalba_Ezequiel/urban_flow/data/raw/imgs/urban_flow_plates/e82f13b4a2fe69f3_patente_1.jpg,J1S1,100.0
397,HF3461,2020-07-01,00:00,94.0,80,RUTA 9,R02,APELADA,14.0,10.0,/content/Urban_Flow-Villalba_Ezequiel/urban_flow/data/raw/imgs/urban_flow_plates/a6e3b0b73220cd32_patente.jpg,HF3461,100.0
400,BM351,2021-01-28,00:00,94.0,60,RUTA 9,,ERROR,34.0,31.0,/content/Urban_Flow-Villalba_Ezequiel/urban_flow/data/raw/imgs/urban_flow_plates/9995dfc6e0eae5a1_patente.jpg,BM351,100.0
405,HF58HXP,1932-01-01,09:19,118.0,80,AV SIEMPRE VIVA,,ERROR,38.0,34.0,/content/Urban_Flow-Villalba_Ezequiel/urban_flow/data/raw/imgs/urban_flow_plates/9a795bbf4e94d630_patente.jpg,HF5BHXP,85.71
408,MVU4688,2022-06-15,18:18,91.0,40,AV LIBERTADOR,R02,IMPAGA,51.0,49.0,/content/Urban_Flow-Villalba_Ezequiel/urban_flow/data/raw/imgs/urban_flow_plates/3feecc5809a29627_patente.jpg,MVU4688,100.0
410,UM96201,2023-01-08,00:00,98.0,60,AV SIEMPRE VIVA,R01,PAGADA,38.0,35.0,/content/Urban_Flow-Villalba_Ezequiel/urban_flow/data/raw/imgs/urban_flow_plates/09453a7c716a9ef3_patente.jpg,UM96201,100.0
413,CT5B876,2021-03-23,18:19,104.0,60,AV SIEMPRE VIVA,,PAGADA,44.0,41.0,/content/Urban_Flow-Villalba_Ezequiel/urban_flow/data/raw/imgs/urban_flow_plates/39c193bcc0c00f9e_patente.jpg,C75B876,85.71
421,XIIUME,2020-04-25,08:15,115.0,40,RUTA 9,R02,PAGADA,75.0,73.0,/content/Urban_Flow-Villalba_Ezequiel/urban_flow/data/raw/imgs/urban_flow_plates/64de505bd2bac82b_patente.jpg,XIIUME,100.0
422,XIIUME,2024-01-17,18:19,116.0,60,AV SIEMPRE VIVA,R01,IMPAGA,56.0,53.0,/content/Urban_Flow-Villalba_Ezequiel/urban_flow/data/raw/imgs/urban_flow_plates/64de505bd2bac82b_patente.jpg,XIIUME,100.0
424,XIIUME,2023-05-26,14:14,89.0,40,AV LIBERTADOR,R01,ERROR,49.0,47.0,/content/Urban_Flow-Villalba_Ezequiel/urban_flow/data/raw/imgs/urban_flow_plates/64de505bd2bac82b_patente.jpg,XIIUME,100.0
430,FVIOUHP,2023-11-13,00:00,71.0,40,RUTA 9,,APELADA,31.0,29.0,/content/Urban_Flow-Villalba_Ezequiel/urban_flow/data/raw/imgs/urban_flow_plates/28e26a4eb646c67a_patente.jpg,FVIDUHP,85.71
431,XIIUME,2020-12-02,18:20,114.0,80,AV LIBERTADOR,,IMPAGA,34.0,30.0,/content/Urban_Flow-Villalba_Ezequiel/urban_flow/data/raw/imgs/urban_flow_plates/64de505bd2bac82b_patente.jpg,XIIUME,100.0
433,VY90540,1932-01-01,08:16,66.0,60,RUTA 9,R03,APELADA,6.0,3.0,/content/Urban_Flow-Villalba_Ezequiel/urban_flow/data/raw/imgs/urban_flow_plates/288a95c01e43cd14_patente.jpg,VY90540,100.0
441,691XC80,2021-08-13,18:21,117.0,60,AV SIEMPRE VIVA,R01,ERROR,57.0,54.0,/content/Urban_Flow-Villalba_Ezequiel/urban_flow/data/raw/imgs/urban_flow_plates/5a122adbb1a776b7_patente.jpg,691XC80,100.0
444,3646HBH,2022-01-18,00:00,74.0,60,AV LIBERTADOR,R02,PAGADA,14.0,11.0,/content/Urban_Flow-Villalba_Ezequiel/urban_flow/data/raw/imgs/urban_flow_plates/d3729058c6a4186e_patente.jpg,3646HBH,100.0
455,HK06YMX,2020-05-14,09:22,82.0,40,AV SIEMPRE VIVA,,ERROR,42.0,40.0,/content/Urban_Flow-Villalba_Ezequiel/urban_flow/data/raw/imgs/urban_flow_plates/9a4fe6361597f264_patente.jpg,HKO6YMX,85.71
456,XIIUME,2020-05-05,18:21,116.0,80,AV LIBERTADOR,R02,IMPAGA,36.0,32.0,/content/Urban_Flow-Villalba_Ezequiel/urban_flow/data/raw/imgs/urban_flow_plates/64de505bd2bac82b_patente.jpg,XIIUME,100.0
460,81ZFJD,2021-06-29,18:21,95.0,60,RUTA 9,R02,ERROR,35.0,32.0,/content/Urban_Flow-Villalba_Ezequiel/urban_flow/data/raw/imgs/urban_flow_plates/02a6ef3d9bd68e91_patente.jpg,81ZFD,90.91
473,2999961,2021-03-29,18:22,99.0,60,AV SIEMPRE VIVA,R03,IMPAGA,39.0,36.0,/content/Urban_Flow-Villalba_Ezequiel/urban_flow/data/raw/imgs/urban_flow_plates/5ff91ccfc6f15d04_patente.jpg,2999961,100.0
482,691XC80,1932-01-01,18:23,106.0,40,RUTA 9,R03,ERROR,66.0,64.0,/content/Urban_Flow-Villalba_Ezequiel/urban_flow/data/raw/imgs/urban_flow_plates/5a122adbb1a776b7_patente.jpg,691XC80,100.0
484,UM96201,2023-04-14,08:17,77.0,40,AV SIEMPRE VIVA,R02,IMPAGA,37.0,35.0,/content/Urban_Flow-Villalba_Ezequiel/urban_flow/data/raw/imgs/urban_flow_plates/09453a7c716a9ef3_patente.jpg,UM96201,100.0
486,691XC80,2020-05-20,18:23,92.0,60,AV SIEMPRE VIVA,R01,ERROR,32.0,29.0,/content/Urban_Flow-Villalba_Ezequiel/urban_flow/data/raw/imgs/urban_flow_plates/5a122adbb1a776b7_patente.jpg,691XC80,100.0
488,6611172,2020-03-31,14:15,100.0,60,AV LIBERTADOR,R03,PAGADA,40.0,37.0,/content/Urban_Flow-Villalba_Ezequiel/urban_flow/data/raw/imgs/urban_flow_plates/7a1f9520c7ecd5b1_patente.jpg,6611172,100.0
490,81ZFJD,2020-04-10,09:23,62.0,40,AV SIEMPRE VIVA,R03,IMPAGA,22.0,20.0,/content/Urban_Flow-Villalba_Ezequiel/urban_flow/data/raw/imgs/urban_flow_plates/02a6ef3d9bd68e91_patente.jpg,81ZFD,90.91
492,M431ZW,2020-05-29,09:23,62.0,40,AV SIEMPRE VIVA,R02,APELADA,22.0,20.0,/content/Urban_Flow-Villalba_Ezequiel/urban_flow/data/raw/imgs/urban_flow_plates/299f0363ae21d1c3_patente.jpg,M431ZM,83.33
493,MPX9357,1932-01-01,09:23,80.0,60,AV LIBERTADOR,R02,PAGADA,20.0,17.0,/content/Urban_Flow-Villalba_Ezequiel/urban_flow/data/raw/imgs/urban_flow_plates/182268e1f8c6525f_patente.jpg,MPX9357,100.0
495,HF3461,2023-09-15,09:24,111.0,80,AV LIBERTADOR,R01,ERROR,31.0,27.0,/content/Urban_Flow-Villalba_Ezequiel/urban_flow/data/raw/imgs/urban_flow_plates/a6e3b0b73220cd32_patente.jpg,HF3461,100.0
497,BB8986,2020-07-14,14:16,150.0,80,AV SIEMPRE VIVA,R02,IMPAGA,70.0,66.0,/content/Urban_Flow-Villalba_Ezequiel/urban_flow/data/raw/imgs/urban_flow_plates/7cbc7ee444622a66_patente.jpg,BB8986,100.0
500,GCP332,2020-06-27,00:00,63.0,40,RUTA 9,,PAGADA,23.0,21.0,/content/Urban_Flow-Villalba_Ezequiel/urban_flow/data/raw/imgs/urban_flow_plates/d648b2ae1abc09f3_patente.jpg,G0GCP332,85.71
505,UM96201,1932-01-01,08:18,131.0,60,RUTA 9,,APELADA,71.0,68.0,/content/Urban_Flow-Villalba_Ezequiel/urban_flow/data/raw/imgs/urban_flow_plates/09453a7c716a9ef3_patente.jpg,UM96201,100.0
506,691XC80,2023-12-31,14:16,53.0,40,AV LIBERTADOR,R01,PAGADA,13.0,11.0,/content/Urban_Flow-Villalba_Ezequiel/urban_flow/data/raw/imgs/urban_flow_plates/5a122adbb1a776b7_patente.jpg,691XC80,100.0
509,VY90540,2022-09-05,14:16,143.0,80,RUTA 9,,ERROR,63.0,59.0,/content/Urban_Flow-Villalba_Ezequiel/urban_flow/data/raw/imgs/urban_flow_plates/288a95c01e43cd14_patente.jpg,VY90540,100.0
518,GOOGLE,2023-11-12,18:24,146.0,80,AV SIEMPRE VIVA,R01,APELADA,66.0,62.0,/content/Urban_Flow-Villalba_Ezequiel/urban_flow/data/raw/imgs/urban_flow_plates/593e594137f374ab.jpg,SGOOGLE,92.31
524,HF3461,2020-01-28,18:24,87.0,80,AV LIBERTADOR,R03,IMPAGA,7.0,3.0,/content/Urban_Flow-Villalba_Ezequiel/urban_flow/data/raw/imgs/urban_flow_plates/a6e3b0b73220cd32_patente.jpg,HF3461,100.0
526,FD1475,2022-07-30,00:00,129.0,60,AV LIBERTADOR,R02,APELADA,69.0,66.0,/content/Urban_Flow-Villalba_Ezequiel/urban_flow/data/raw/imgs/urban_flow_plates/d8daed582e6cce2d_patente.jpg,FD147,90.91
527,J1S1,1932-01-01,18:24,158.0,80,RUTA 9,R02,ERROR,78.0,74.0,/content/Urban_Flow-Villalba_Ezequiel/urban_flow/data/raw/imgs/urban_flow_plates/e82f13b4a2fe69f3_patente_1.jpg,J1S1,100.0
533,VNK296GP,1932-01-01,09:25,120.0,60,RUTA 9,R02,ERROR,60.0,57.0,/content/Urban_Flow-Villalba_Ezequiel/urban_flow/data/raw/imgs/urban_flow_plates/16789af24af158d8_patente.jp2,NK226GP,80.0
544,VY90540,2022-09-15,18:25,101.0,80,AV SIEMPRE VIVA,,ERROR,21.0,17.0,/content/Urban_Flow-Villalba_Ezequiel/urban_flow/data/raw/imgs/urban_flow_plates/288a95c01e43cd14_patente.jpg,VY90540,100.0
550,FVIOUHP,1932-01-01,08:20,75.0,60,RUTA 9,,IMPAGA,15.0,12.0,/content/Urban_Flow-Villalba_Ezequiel/urban_flow/data/raw/imgs/urban_flow_plates/28e26a4eb646c67a_patente.jpg,FVIDUHP,85.71
564,6611172,1932-01-01,14:18,118.0,80,AV LIBERTADOR,R03,APELADA,38.0,34.0,/content/Urban_Flow-Villalba_Ezequiel/urban_flow/data/raw/imgs/urban_flow_plates/7a1f9520c7ecd5b1_patente.jpg,6611172,100.0
568,BHRP770,2022-09-06,08:20,153.0,80,RUTA 9,R03,ERROR,73.0,69.0,/content/Urban_Flow-Villalba_Ezequiel/urban_flow/data/raw/imgs/urban_flow_plates/321ffb38656f7311_patente.jpg,BHRP770,100.0
569,FD1475,2022-02-23,09:26,132.0,60,AV SIEMPRE VIVA,,APELADA,72.0,69.0,/content/Urban_Flow-Villalba_Ezequiel/urban_flow/data/raw/imgs/urban_flow_plates/d8daed582e6cce2d_patente.jpg,FD147,90.91
571,FVIOUHP,1932-01-01,09:26,87.0,60,RUTA 9,R01,IMPAGA,27.0,24.0,/content/Urban_Flow-Villalba_Ezequiel/urban_flow/data/raw/imgs/urban_flow_plates/28e26a4eb646c67a_patente.jpg,FVIDUHP,85.71
578,HF3461,1932-01-01,09:27,126.0,80,AV SIEMPRE VIVA,R02,APELADA,46.0,42.0,/content/Urban_Flow-Villalba_Ezequiel/urban_flow/data/raw/imgs/urban_flow_plates/a6e3b0b73220cd32_patente.jpg,HF3461,100.0
587,HF3461,2021-04-15,00:00,100.0,40,AV SIEMPRE VIVA,R01,PAGADA,60.0,58.0,/content/Urban_Flow-Villalba_Ezequiel/urban_flow/data/raw/imgs/urban_flow_plates/a6e3b0b73220cd32_patente.jpg,HF3461,100.0
589,J1S1,1932-01-01,09:27,145.0,80,RUTA 9,,PAGADA,65.0,61.0,/content/Urban_Flow-Villalba_Ezequiel/urban_flow/data/raw/imgs/urban_flow_plates/e82f13b4a2fe69f3_patente_1.jpg,J1S1,100.0
608,FD1475,2020-10-21,08:22,113.0,80,AV LIBERTADOR,R02,APELADA,33.0,29.0,/content/Urban_Flow-Villalba_Ezequiel/urban_flow/data/raw/imgs/urban_flow_plates/d8daed582e6cce2d_patente.jpg,FD147,90.91
615,GOOGLE,1932-01-01,18:28,116.0,80,RUTA 9,R03,APELADA,36.0,32.0,/content/Urban_Flow-Villalba_Ezequiel/urban_flow/data/raw/imgs/urban_flow_plates/593e594137f374ab.jpg,SGOOGLE,92.31
616,HF58HXP,2022-10-22,14:21,76.0,60,AV SIEMPRE VIVA,R02,PAGADA,16.0,13.0,/content/Urban_Flow-Villalba_Ezequiel/urban_flow/data/raw/imgs/urban_flow_plates/9a795bbf4e94d630_patente.jpg,HF5BHXP,85.71
622,VNK296GP,2020-06-03,09:29,69.0,40,AV LIBERTADOR,,ERROR,29.0,27.0,/content/Urban_Flow-Villalba_Ezequiel/urban_flow/data/raw/imgs/urban_flow_plates/16789af24af158d8_patente.jp2,NK226GP,80.0
626,589222,1932-01-01,09:29,131.0,80,AV SIEMPRE VIVA,R02,PAGADA,51.0,47.0,/content/Urban_Flow-Villalba_Ezequiel/urban_flow/data/raw/imgs/urban_flow_plates/246a0e4264a39433_patente.jpg,589222,100.0
627,M431ZW,1932-01-01,18:28,146.0,80,AV SIEMPRE VIVA,R02,ERROR,66.0,62.0,/content/Urban_Flow-Villalba_Ezequiel/urban_flow/data/raw/imgs/urban_flow_plates/299f0363ae21d1c3_patente.jpg,M431ZM,83.33
629,FVIOUHP,1932-01-01,00:00,88.0,40,AV SIEMPRE VIVA,R02,APELADA,48.0,46.0,/content/Urban_Flow-Villalba_Ezequiel/urban_flow/data/raw/imgs/urban_flow_plates/28e26a4eb646c67a_patente.jpg,FVIDUHP,85.71
636,BB8986,1932-01-01,00:00,101.0,60,RUTA 9,R03,ERROR,41.0,38.0,/content/Urban_Flow-Villalba_Ezequiel/urban_flow/data/raw/imgs/urban_flow_plates/7cbc7ee444622a66_patente.jpg,BB8986,100.0
637,FVIOUHP,2021-03-30,08:23,139.0,60,AV SIEMPRE VIVA,R03,IMPAGA,79.0,76.0,/content/Urban_Flow-Villalba_Ezequiel/urban_flow/data/raw/imgs/urban_flow_plates/28e26a4eb646c67a_patente.jpg,FVIDUHP,85.71
639,MPX9357,2022-11-28,14:21,134.0,60,RUTA 9,R02,IMPAGA,74.0,71.0,/content/Urban_Flow-Villalba_Ezequiel/urban_flow/data/raw/imgs/urban_flow_plates/182268e1f8c6525f_patente.jpg,MPX9357,100.0
644,VNK296GP,2022-09-18,18:29,116.0,40,RUTA 9,R03,ERROR,76.0,74.0,/content/Urban_Flow-Villalba_Ezequiel/urban_flow/data/raw/imgs/urban_flow_plates/16789af24af158d8_patente.jp2,NK226GP,80.0
647,HK06YMX,2020-09-30,14:22,95.0,80,RUTA 9,R03,IMPAGA,15.0,11.0,/content/Urban_Flow-Villalba_Ezequiel/urban_flow/data/raw/imgs/urban_flow_plates/9a4fe6361597f264_patente.jpg,HKO6YMX,85.71
649,5777770,2023-12-25,09:30,104.0,60,RUTA 9,,IMPAGA,44.0,41.0,/content/Urban_Flow-Villalba_Ezequiel/urban_flow/data/raw/imgs/urban_flow_plates/7f56adf4b9306ac9_patente.jpg,5777770,100.0
655,MPX9357,2021-11-19,14:22,137.0,80,AV SIEMPRE VIVA,,PAGADA,57.0,53.0,/content/Urban_Flow-Villalba_Ezequiel/urban_flow/data/raw/imgs/urban_flow_plates/182268e1f8c6525f_patente.jpg,MPX9357,100.0
665,J1S1,2023-04-18,08:24,75.0,60,RUTA 9,R02,PAGADA,15.0,12.0,/content/Urban_Flow-Villalba_Ezequiel/urban_flow/data/raw/imgs/urban_flow_plates/e82f13b4a2fe69f3_patente_1.jpg,J1S1,100.0
682,AI7OVF,2021-04-24,14:24,67.0,40,AV LIBERTADOR,,ERROR,27.0,25.0,/content/Urban_Flow-Villalba_Ezequiel/urban_flow/data/raw/imgs/urban_flow_plates/747b0f12f54703ee_patente.jpg,AI70VF,83.33
684,AI7OVF,1932-01-01,18:31,113.0,60,AV LIBERTADOR,R03,APELADA,53.0,50.0,/content/Urban_Flow-Villalba_Ezequiel/urban_flow/data/raw/imgs/urban_flow_plates/747b0f12f54703ee_patente.jpg,AI70VF,83.33
686,VY90540,2023-01-31,00:00,131.0,80,AV LIBERTADOR,,IMPAGA,51.0,47.0,/content/Urban_Flow-Villalba_Ezequiel/urban_flow/data/raw/imgs/urban_flow_plates/288a95c01e43cd14_patente.jpg,VY90540,100.0
689,BHRP770,1932-01-01,18:31,114.0,80,AV SIEMPRE VIVA,,IMPAGA,34.0,30.0,/content/Urban_Flow-Villalba_Ezequiel/urban_flow/data/raw/imgs/urban_flow_plates/321ffb38656f7311_patente.jpg,BHRP770,100.0
690,VY90540,2020-07-18,18:32,119.0,80,AV LIBERTADOR,,APELADA,39.0,35.0,/content/Urban_Flow-Villalba_Ezequiel/urban_flow/data/raw/imgs/urban_flow_plates/288a95c01e43cd14_patente.jpg,VY90540,100.0
712,HF3461,1932-01-01,18:32,119.0,40,AV SIEMPRE VIVA,R03,ERROR,79.0,77.0,/content/Urban_Flow-Villalba_Ezequiel/urban_flow/data/raw/imgs/urban_flow_plates/a6e3b0b73220cd32_patente.jpg,HF3461,100.0
713,BHRP770,2020-12-12,00:00,119.0,80,AV LIBERTADOR,R01,APELADA,39.0,35.0,/content/Urban_Flow-Villalba_Ezequiel/urban_flow/data/raw/imgs/urban_flow_plates/321ffb38656f7311_patente.jpg,BHRP770,100.0
725,XIIUME,2020-04-04,14:25,97.0,80,AV SIEMPRE VIVA,,APELADA,17.0,13.0,/content/Urban_Flow-Villalba_Ezequiel/urban_flow/data/raw/imgs/urban_flow_plates/64de505bd2bac82b_patente.jpg,XIIUME,100.0
727,HF58HXP,1932-01-01,08:26,69.0,60,AV LIBERTADOR,R01,IMPAGA,9.0,6.0,/content/Urban_Flow-Villalba_Ezequiel/urban_flow/data/raw/imgs/urban_flow_plates/9a795bbf4e94d630_patente.jpg,HF5BHXP,85.71
731,MPX9357,2023-05-23,18:33,107.0,40,AV LIBERTADOR,,ERROR,67.0,65.0,/content/Urban_Flow-Villalba_Ezequiel/urban_flow/data/raw/imgs/urban_flow_plates/182268e1f8c6525f_patente.jpg,MPX9357,100.0
732,CT5B876,2021-11-01,14:25,88.0,80,AV SIEMPRE VIVA,R01,IMPAGA,8.0,4.0,/content/Urban_Flow-Villalba_Ezequiel/urban_flow/data/raw/imgs/urban_flow_plates/39c193bcc0c00f9e_patente.jpg,C75B876,85.71
733,2999961,2020-06-05,00:00,127.0,60,RUTA 9,R01,APELADA,67.0,64.0,/content/Urban_Flow-Villalba_Ezequiel/urban_flow/data/raw/imgs/urban_flow_plates/5ff91ccfc6f15d04_patente.jpg,2999961,100.0
734,FVIOUHP,2020-12-03,08:26,111.0,80,AV SIEMPRE VIVA,R03,PAGADA,31.0,27.0,/content/Urban_Flow-Villalba_Ezequiel/urban_flow/data/raw/imgs/urban_flow_plates/28e26a4eb646c67a_patente.jpg,FVIDUHP,85.71
741,HF3461,1932-01-01,14:26,130.0,80,RUTA 9,,IMPAGA,50.0,46.0,/content/Urban_Flow-Villalba_Ezequiel/urban_flow/data/raw/imgs/urban_flow_plates/a6e3b0b73220cd32_patente.jpg,HF3461,100.0
745,GOOGLE,2021-11-15,14:26,112.0,80,AV SIEMPRE VIVA,R02,ERROR,32.0,28.0,/content/Urban_Flow-Villalba_Ezequiel/urban_flow/data/raw/imgs/urban_flow_plates/593e594137f374ab.jpg,SGOOGLE,92.31
755,FD1475,2020-04-08,00:00,85.0,40,AV LIBERTADOR,R03,ERROR,45.0,43.0,/content/Urban_Flow-Villalba_Ezequiel/urban_flow/data/raw/imgs/urban_flow_plates/d8daed582e6cce2d_patente.jpg,FD147,90.91
758,81ZFJD,1932-01-01,18:34,158.0,80,RUTA 9,,IMPAGA,78.0,74.0,/content/Urban_Flow-Villalba_Ezequiel/urban_flow/data/raw/imgs/urban_flow_plates/02a6ef3d9bd68e91_patente.jpg,81ZFD,90.91
763,GCP332,2023-10-15,18:35,111.0,80,RUTA 9,,IMPAGA,31.0,27.0,/content/Urban_Flow-Villalba_Ezequiel/urban_flow/data/raw/imgs/urban_flow_plates/d648b2ae1abc09f3_patente.jpg,G0GCP332,85.71
765,BB8986,2021-11-25,08:28,97.0,40,AV SIEMPRE VIVA,,IMPAGA,57.0,55.0,/content/Urban_Flow-Villalba_Ezequiel/urban_flow/data/raw/imgs/urban_flow_plates/7cbc7ee444622a66_patente.jpg,BB8986,100.0
776,J1S1,2022-04-21,18:36,89.0,40,RUTA 9,R01,IMPAGA,49.0,47.0,/content/Urban_Flow-Villalba_Ezequiel/urban_flow/data/raw/imgs/urban_flow_plates/e82f13b4a2fe69f3_patente_1.jpg,J1S1,100.0
783,HF58HXP,1932-01-01,08:29,90.0,60,AV SIEMPRE VIVA,R01,PAGADA,30.0,27.0,/content/Urban_Flow-Villalba_Ezequiel/urban_flow/data/raw/imgs/urban_flow_plates/9a795bbf4e94d630_patente.jpg,HF5BHXP,85.71
784,BB8986,2022-01-28,18:36,82.0,60,RUTA 9,R02,IMPAGA,22.0,19.0,/content/Urban_Flow-Villalba_Ezequiel/urban_flow/data/raw/imgs/urban_flow_plates/7cbc7ee444622a66_patente.jpg,BB8986,100.0
792,589222,2021-09-25,18:37,153.0,80,AV SIEMPRE VIVA,R02,APELADA,73.0,69.0,/content/Urban_Flow-Villalba_Ezequiel/urban_flow/data/raw/imgs/urban_flow_plates/246a0e4264a39433_patente.jpg,589222,100.0
795,MVU4688,2022-03-25,14:28,152.0,80,AV SIEMPRE VIVA,,APELADA,72.0,68.0,/content/Urban_Flow-Villalba_Ezequiel/urban_flow/data/raw/imgs/urban_flow_plates/3feecc5809a29627_patente.jpg,MVU4688,100.0
806,81ZFJD,2020-11-02,14:29,94.0,80,AV SIEMPRE VIVA,,APELADA,14.0,10.0,/content/Urban_Flow-Villalba_Ezequiel/urban_flow/data/raw/imgs/urban_flow_plates/02a6ef3d9bd68e91_patente.jpg,81ZFD,90.91
807,W326AVE,2023-08-15,08:30,82.0,60,RUTA 9,R02,APELADA,22.0,19.0,/content/Urban_Flow-Villalba_Ezequiel/urban_flow/data/raw/imgs/urban_flow_plates/6c144e47161867c2_patente.jpg,W326AVE,100.0
808,XIIUME,2020-08-21,14:29,157.0,80,RUTA 9,R03,ERROR,77.0,73.0,/content/Urban_Flow-Villalba_Ezequiel/urban_flow/data/raw/imgs/urban_flow_plates/64de505bd2bac82b_patente.jpg,XIIUME,100.0
814,M431ZW,1932-01-01,00:00,132.0,60,AV LIBERTADOR,R01,APELADA,72.0,69.0,/content/Urban_Flow-Villalba_Ezequiel/urban_flow/data/raw/imgs/urban_flow_plates/299f0363ae21d1c3_patente.jpg,M431ZM,83.33
821,BM351,2020-07-04,00:00,116.0,80,RUTA 9,R01,IMPAGA,36.0,32.0,/content/Urban_Flow-Villalba_Ezequiel/urban_flow/data/raw/imgs/urban_flow_plates/9995dfc6e0eae5a1_patente.jpg,BM351,100.0
823,6611172,2022-02-01,08:31,136.0,80,AV LIBERTADOR,R03,ERROR,56.0,52.0,/content/Urban_Flow-Villalba_Ezequiel/urban_flow/data/raw/imgs/urban_flow_plates/7a1f9520c7ecd5b1_patente.jpg,6611172,100.0
824,J1S1,2021-09-29,09:38,108.0,40,AV SIEMPRE VIVA,,ERROR,68.0,66.0,/content/Urban_Flow-Villalba_Ezequiel/urban_flow/data/raw/imgs/urban_flow_plates/e82f13b4a2fe69f3_patente_1.jpg,J1S1,100.0
827,HF58HXP,1932-01-01,18:38,153.0,80,RUTA 9,R03,IMPAGA,73.0,69.0,/content/Urban_Flow-Villalba_Ezequiel/urban_flow/data/raw/imgs/urban_flow_plates/9a795bbf4e94d630_patente.jpg,HF5BHXP,85.71
837,BM351,2022-12-05,08:32,104.0,80,AV SIEMPRE VIVA,,IMPAGA,24.0,20.0,/content/Urban_Flow-Villalba_Ezequiel/urban_flow/data/raw/imgs/urban_flow_plates/9995dfc6e0eae5a1_patente.jpg,BM351,100.0
841,M431ZW,2020-08-28,00:00,114.0,60,AV SIEMPRE VIVA,R03,ERROR,54.0,51.0,/content/Urban_Flow-Villalba_Ezequiel/urban_flow/data/raw/imgs/urban_flow_plates/299f0363ae21d1c3_patente.jpg,M431ZM,83.33
842,AI7OVF,2020-11-19,14:30,54.0,40,AV LIBERTADOR,R03,PAGADA,14.0,12.0,/content/Urban_Flow-Villalba_Ezequiel/urban_flow/data/raw/imgs/urban_flow_plates/747b0f12f54703ee_patente.jpg,AI70VF,83.33
847,UM96201,2021-06-18,18:38,135.0,60,AV SIEMPRE VIVA,R02,APELADA,75.0,72.0,/content/Urban_Flow-Villalba_Ezequiel/urban_flow/data/raw/imgs/urban_flow_plates/09453a7c716a9ef3_patente.jpg,UM96201,100.0
882,BB8986,2022-07-16,14:32,124.0,80,AV LIBERTADOR,R01,APELADA,44.0,40.0,/content/Urban_Flow-Villalba_Ezequiel/urban_flow/data/raw/imgs/urban_flow_plates/7cbc7ee444622a66_patente.jpg,BB8986,100.0
883,589222,2023-04-23,14:32,111.0,80,AV LIBERTADOR,,IMPAGA,31.0,27.0,/content/Urban_Flow-Villalba_Ezequiel/urban_flow/data/raw/imgs/urban_flow_plates/246a0e4264a39433_patente.jpg,589222,100.0
887,CT5B876,1932-01-01,00:00,83.0,40,RUTA 9,R02,ERROR,43.0,41.0,/content/Urban_Flow-Villalba_Ezequiel/urban_flow/data/raw/imgs/urban_flow_plates/39c193bcc0c00f9e_patente.jpg,C75B876,85.71
890,BP717,2022-08-23,08:33,133.0,60,AV LIBERTADOR,R03,APELADA,73.0,70.0,/content/Urban_Flow-Villalba_Ezequiel/urban_flow/data/raw/imgs/urban_flow_plates/e1120bfe48f85c1b_patente.jpg,BP717,100.0
897,MVU4688,2023-09-01,08:33,90.0,60,AV LIBERTADOR,R03,IMPAGA,30.0,27.0,/content/Urban_Flow-Villalba_Ezequiel/urban_flow/data/raw/imgs/urban_flow_plates/3feecc5809a29627_patente.jpg,MVU4688,100.0
900,BM351,2020-09-04,08:34,85.0,40,AV SIEMPRE VIVA,R01,PAGADA,45.0,43.0,/content/Urban_Flow-Villalba_Ezequiel/urban_flow/data/raw/imgs/urban_flow_plates/9995dfc6e0eae5a1_patente.jpg,BM351,100.0
902,HF3461,2020-02-24,14:33,123.0,60,AV LIBERTADOR,,PAGADA,63.0,60.0,/content/Urban_Flow-Villalba_Ezequiel/urban_flow/data/raw/imgs/urban_flow_plates/a6e3b0b73220cd32_patente.jpg,HF3461,100.0
909,691XC80,2022-09-12,08:34,117.0,80,AV LIBERTADOR,R02,IMPAGA,37.0,33.0,/content/Urban_Flow-Villalba_Ezequiel/urban_flow/data/raw/imgs/urban_flow_plates/5a122adbb1a776b7_patente.jpg,691XC80,100.0
914,UM96201,2021-05-06,18:41,96.0,80,AV LIBERTADOR,R01,APELADA,16.0,12.0,/content/Urban_Flow-Villalba_Ezequiel/urban_flow/data/raw/imgs/urban_flow_plates/09453a7c716a9ef3_patente.jpg,UM96201,100.0
915,J1S1,2022-05-29,08:34,105.0,60,RUTA 9,R03,IMPAGA,45.0,42.0,/content/Urban_Flow-Villalba_Ezequiel/urban_flow/data/raw/imgs/urban_flow_plates/e82f13b4a2fe69f3_patente_1.jpg,J1S1,100.0
939,691XC80,2021-07-12,14:34,49.0,40,AV LIBERTADOR,,IMPAGA,9.0,7.0,/content/Urban_Flow-Villalba_Ezequiel/urban_flow/data/raw/imgs/urban_flow_plates/5a122adbb1a776b7_patente.jpg,691XC80,100.0
945,BHRP770,2021-03-11,00:00,95.0,60,AV LIBERTADOR,,APELADA,35.0,32.0,/content/Urban_Flow-Villalba_Ezequiel/urban_flow/data/raw/imgs/urban_flow_plates/321ffb38656f7311_patente.jpg,BHRP770,100.0
946,2999961,2022-08-30,00:00,97.0,80,AV SIEMPRE VIVA,R02,PAGADA,17.0,13.0,/content/Urban_Flow-Villalba_Ezequiel/urban_flow/data/raw/imgs/urban_flow_plates/5ff91ccfc6f15d04_patente.jpg,2999961,100.0
971,FVIOUHP,1932-01-01,09:44,119.0,60,RUTA 9,R01,ERROR,59.0,56.0,/content/Urban_Flow-Villalba_Ezequiel/urban_flow/data/raw/imgs/urban_flow_plates/28e26a4eb646c67a_patente.jpg,FVIDUHP,85.71
973,HK06YMX,1932-01-01,09:44,121.0,60,AV LIBERTADOR,R02,PAGADA,61.0,58.0,/content/Urban_Flow-Villalba_Ezequiel/urban_flow/data/raw/imgs/urban_flow_plates/9a4fe6361597f264_patente.jpg,HKO6YMX,85.71
975,MVU4688,2023-08-25,18:43,132.0,60,AV LIBERTADOR,R03,ERROR,72.0,69.0,/content/Urban_Flow-Villalba_Ezequiel/urban_flow/data/raw/imgs/urban_flow_plates/3feecc5809a29627_patente.jpg,MVU4688,100.0
977,BB8986,2022-03-14,09:44,81.0,60,RUTA 9,R02,PAGADA,21.0,18.0,/content/Urban_Flow-Villalba_Ezequiel/urban_flow/data/raw/imgs/urban_flow_plates/7cbc7ee444622a66_patente.jpg,BB8986,100.0
979,XIIUME,2023-06-18,14:36,68.0,60,AV SIEMPRE VIVA,R03,APELADA,8.0,5.0,/content/Urban_Flow-Villalba_Ezequiel/urban_flow/data/raw/imgs/urban_flow_plates/64de505bd2bac82b_patente.jpg,XIIUME,100.0
982,BM351,2020-11-04,14:36,81.0,40,AV LIBERTADOR,R03,ERROR,41.0,39.0,/content/Urban_Flow-Villalba_Ezequiel/urban_flow/data/raw/imgs/urban_flow_plates/9995dfc6e0eae5a1_patente.jpg,BM351,100.0
995,VY90540,2021-03-27,14:36,89.0,60,AV LIBERTADOR,R03,IMPAGA,29.0,26.0,/content/Urban_Flow-Villalba_Ezequiel/urban_flow/data/raw/imgs/urban_flow_plates/288a95c01e43cd14_patente.jpg,VY90540,100.0
1000,691XC80,2020-11-13,00:00,121.0,60,AV LIBERTADOR,R02,APELADA,61.0,58.0,/content/Urban_Flow-Villalba_Ezequiel/urban_flow/data/raw/imgs/urban_flow_plates/5a122adbb1a776b7_patente.jpg,691XC80,100.0
1009,HF3461,2023-02-15,18:45,132.0,80,AV SIEMPRE VIVA,R03,APELADA,52.0,48.0,/content/Urban_Flow-Villalba_Ezequiel/urban_flow/data/raw/imgs/urban_flow_plates/a6e3b0b73220cd32_patente.jpg,HF3461,100.0
1012,HF3461,2020-06-03,00:00,74.0,40,RUTA 9,,ERROR,34.0,32.0,/content/Urban_Flow-Villalba_Ezequiel/urban_flow/data/raw/imgs/urban_flow_plates/a6e3b0b73220cd32_patente.jpg,HF3461,100.0
1016,BP717,1932-01-01,18:45,82.0,60,AV SIEMPRE VIVA,R03,APELADA,22.0,19.0,/content/Urban_Flow-Villalba_Ezequiel/urban_flow/data/raw/imgs/urban_flow_plates/e1120bfe48f85c1b_patente.jpg,BP717,100.0
1018,3646HBH,2022-08-08,18:45,126.0,60,AV SIEMPRE VIVA,R03,ERROR,66.0,63.0,/content/Urban_Flow-Villalba_Ezequiel/urban_flow/data/raw/imgs/urban_flow_plates/d3729058c6a4186e_patente.jpg,3646HBH,100.0
1026,81ZFJD,2021-02-08,08:40,119.0,40,RUTA 9,R03,APELADA,79.0,77.0,/content/Urban_Flow-Villalba_Ezequiel/urban_flow/data/raw/imgs/urban_flow_plates/02a6ef3d9bd68e91_patente.jpg,81ZFD,90.91
1027,HF3461,1932-01-01,08:40,117.0,60,AV SIEMPRE VIVA,,APELADA,57.0,54.0,/content/Urban_Flow-Villalba_Ezequiel/urban_flow/data/raw/imgs/urban_flow_plates/a6e3b0b73220cd32_patente.jpg,HF3461,100.0
1032,MVU4688,2020-01-22,09:46,138.0,60,RUTA 9,R03,IMPAGA,78.0,75.0,/content/Urban_Flow-Villalba_Ezequiel/urban_flow/data/raw/imgs/urban_flow_plates/3feecc5809a29627_patente.jpg,MVU4688,100.0
1035,VY90540,2023-09-24,08:41,118.0,40,AV LIBERTADOR,R02,PAGADA,78.0,76.0,/content/Urban_Flow-Villalba_Ezequiel/urban_flow/data/raw/imgs/urban_flow_plates/288a95c01e43cd14_patente.jpg,VY90540,100.0
1037,HF58HXP,2021-03-22,00:00,91.0,80,RUTA 9,R01,IMPAGA,11.0,7.0,/content/Urban_Flow-Villalba_Ezequiel/urban_flow/data/raw/imgs/urban_flow_plates/9a795bbf4e94d630_patente.jpg,HF5BHXP,85.71
1049,GOOGLE,1932-01-01,09:47,86.0,40,AV SIEMPRE VIVA,R01,ERROR,46.0,44.0,/content/Urban_Flow-Villalba_Ezequiel/urban_flow/data/raw/imgs/urban_flow_plates/593e594137f374ab.jpg,SGOOGLE,92.31
1050,GOOGLE,2023-04-07,00:00,69.0,60,AV LIBERTADOR,,APELADA,9.0,6.0,/content/Urban_Flow-Villalba_Ezequiel/urban_flow/data/raw/imgs/urban_flow_plates/593e594137f374ab.jpg,SGOOGLE,92.31
1053,691XC80,1932-01-01,08:41,129.0,60,AV LIBERTADOR,R03,ERROR,69.0,66.0,/content/Urban_Flow-Villalba_Ezequiel/urban_flow/data/raw/imgs/urban_flow_plates/5a122adbb1a776b7_patente.jpg,691XC80,100.0
1058,BM351,2023-10-20,09:47,135.0,80,AV LIBERTADOR,,IMPAGA,55.0,51.0,/content/Urban_Flow-Villalba_Ezequiel/urban_flow/data/raw/imgs/urban_flow_plates/9995dfc6e0eae5a1_patente.jpg,BM351,100.0
1062,UM96201,2023-08-10,18:47,93.0,60,AV LIBERTADOR,R03,PAGADA,33.0,30.0,/content/Urban_Flow-Villalba_Ezequiel/urban_flow/data/raw/imgs/urban_flow_plates/09453a7c716a9ef3_patente.jpg,UM96201,100.0
1065,HF3461,1932-01-01,08:42,120.0,80,AV SIEMPRE VIVA,,PAGADA,40.0,36.0,/content/Urban_Flow-Villalba_Ezequiel/urban_flow/data/raw/imgs/urban_flow_plates/a6e3b0b73220cd32_patente.jpg,HF3461,100.0
1068,GOOGLE,2023-05-04,14:39,45.0,40,AV SIEMPRE VIVA,,PAGADA,5.0,3.0,/content/Urban_Flow-Villalba_Ezequiel/urban_flow/data/raw/imgs/urban_flow_plates/593e594137f374ab.jpg,SGOOGLE,92.31
1085,81ZFJD,2023-06-08,18:48,123.0,80,AV LIBERTADOR,R01,IMPAGA,43.0,39.0,/content/Urban_Flow-Villalba_Ezequiel/urban_flow/data/raw/imgs/urban_flow_plates/02a6ef3d9bd68e91_patente.jpg,81ZFD,90.91
1090,6611172,2024-02-06,00:00,136.0,80,AV SIEMPRE VIVA,R03,PAGADA,56.0,52.0,/content/Urban_Flow-Villalba_Ezequiel/urban_flow/data/raw/imgs/urban_flow_plates/7a1f9520c7ecd5b1_patente.jpg,6611172,100.0
1091,FVIOUHP,2022-05-08,14:40,142.0,80,AV LIBERTADOR,R01,APELADA,62.0,58.0,/content/Urban_Flow-Villalba_Ezequiel/urban_flow/data/raw/imgs/urban_flow_plates/28e26a4eb646c67a_patente.jpg,FVIDUHP,85.71
1097,M431ZW,1932-01-01,00:00,69.0,60,AV LIBERTADOR,R02,PAGADA,9.0,6.0,/content/Urban_Flow-Villalba_Ezequiel/urban_flow/data/raw/imgs/urban_flow_plates/299f0363ae21d1c3_patente.jpg,M431ZM,83.33
1102,FD1475,2023-06-12,09:49,140.0,80,RUTA 9,R02,ERROR,60.0,56.0,/content/Urban_Flow-Villalba_Ezequiel/urban_flow/data/raw/imgs/urban_flow_plates/d8daed582e6cce2d_patente.jpg,FD147,90.91
1105,W326AVE,2023-08-20,14:41,96.0,40,AV LIBERTADOR,,ERROR,56.0,54.0,/content/Urban_Flow-Villalba_Ezequiel/urban_flow/data/raw/imgs/urban_flow_plates/6c144e47161867c2_patente.jpg,W326AVE,100.0
1117,BHRP770,2020-01-14,09:49,158.0,80,RUTA 9,,APELADA,78.0,74.0,/content/Urban_Flow-Villalba_Ezequiel/urban_flow/data/raw/imgs/urban_flow_plates/321ffb38656f7311_patente.jpg,BHRP770,100.0
1125,3646HBH,2021-08-03,08:44,142.0,80,AV LIBERTADOR,,ERROR,62.0,58.0,/content/Urban_Flow-Villalba_Ezequiel/urban_flow/data/raw/imgs/urban_flow_plates/d3729058c6a4186e_patente.jpg,3646HBH,100.0
1127,2999961,2023-11-10,00:00,88.0,60,AV LIBERTADOR,R02,APELADA,28.0,25.0,/content/Urban_Flow-Villalba_Ezequiel/urban_flow/data/raw/imgs/urban_flow_plates/5ff91ccfc6f15d04_patente.jpg,2999961,100.0
1129,XIIUME,1932-01-01,14:42,158.0,80,AV SIEMPRE VIVA,R03,IMPAGA,78.0,74.0,/content/Urban_Flow-Villalba_Ezequiel/urban_flow/data/raw/imgs/urban_flow_plates/64de505bd2bac82b_patente.jpg,XIIUME,100.0
1141,J1S1,1932-01-01,00:00,91.0,40,AV SIEMPRE VIVA,R03,APELADA,51.0,49.0,/content/Urban_Flow-Villalba_Ezequiel/urban_flow/data/raw/imgs/urban_flow_plates/e82f13b4a2fe69f3_patente_1.jpg,J1S1,100.0
1145,6611172,2022-11-05,00:00,150.0,80,AV LIBERTADOR,,ERROR,70.0,66.0,/content/Urban_Flow-Villalba_Ezequiel/urban_flow/data/raw/imgs/urban_flow_plates/7a1f9520c7ecd5b1_patente.jpg,6611172,100.0
1147,AI7OVF,2020-03-16,14:42,114.0,60,AV LIBERTADOR,R01,ERROR,54.0,51.0,/content/Urban_Flow-Villalba_Ezequiel/urban_flow/data/raw/imgs/urban_flow_plates/747b0f12f54703ee_patente.jpg,AI70VF,83.33
1149,BB8986,2020-03-05,09:51,73.0,60,RUTA 9,,ERROR,13.0,10.0,/content/Urban_Flow-Villalba_Ezequiel/urban_flow/data/raw/imgs/urban_flow_plates/7cbc7ee444622a66_patente.jpg,BB8986,100.0
1156,M431ZW,2021-08-20,00:00,114.0,60,AV SIEMPRE VIVA,R03,PAGADA,54.0,51.0,/content/Urban_Flow-Villalba_Ezequiel/urban_flow/data/raw/imgs/urban_flow_plates/299f0363ae21d1c3_patente.jpg,M431ZM,83.33
1167,81ZFJD,2021-10-18,09:51,113.0,40,AV SIEMPRE VIVA,R02,IMPAGA,73.0,71.0,/content/Urban_Flow-Villalba_Ezequiel/urban_flow/data/raw/imgs/urban_flow_plates/02a6ef3d9bd68e91_patente.jpg,81ZFD,90.91
1169,2999961,2023-12-02,00:00,155.0,80,RUTA 9,R02,APELADA,75.0,71.0,/content/Urban_Flow-Villalba_Ezequiel/urban_flow/data/raw/imgs/urban_flow_plates/5ff91ccfc6f15d04_patente.jpg,2999961,100.0
1170,81ZFJD,2023-02-06,00:00,116.0,60,AV SIEMPRE VIVA,R02,IMPAGA,56.0,53.0,/content/Urban_Flow-Villalba_Ezequiel/urban_flow/data/raw/imgs/urban_flow_plates/02a6ef3d9bd68e91_patente.jpg,81ZFD,90.91
1173,2999961,2023-04-13,14:43,112.0,80,RUTA 9,,PAGADA,32.0,28.0,/content/Urban_Flow-Villalba_Ezequiel/urban_flow/data/raw/imgs/urban_flow_plates/5ff91ccfc6f15d04_patente.jpg,2999961,100.0
1184,HK06YMX,1932-01-01,18:52,116.0,60,AV SIEMPRE VIVA,R01,ERROR,56.0,53.0,/content/Urban_Flow-Villalba_Ezequiel/urban_flow/data/raw/imgs/urban_flow_plates/9a4fe6361597f264_patente.jpg,HKO6YMX,85.71
1190,FD1475,2022-03-04,00:00,58.0,40,AV LIBERTADOR,R03,ERROR,18.0,16.0,/content/Urban_Flow-Villalba_Ezequiel/urban_flow/data/raw/imgs/urban_flow_plates/d8daed582e6cce2d_patente.jpg,FD147,90.91
1193,CT5B876,1932-01-01,18:52,46.0,40,RUTA 9,R03,ERROR,6.0,4.0,/content/Urban_Flow-Villalba_Ezequiel/urban_flow/data/raw/imgs/urban_flow_plates/39c193bcc0c00f9e_patente.jpg,C75B876,85.71
1194,MPX9357,1932-01-01,14:44,143.0,80,AV SIEMPRE VIVA,,ERROR,63.0,59.0,/content/Urban_Flow-Villalba_Ezequiel/urban_flow/data/raw/imgs/urban_flow_plates/182268e1f8c6525f_patente.jpg,MPX9357,100.0
1195,AI7OVF,1932-01-01,09:52,60.0,40,RUTA 9,R01,IMPAGA,20.0,18.0,/content/Urban_Flow-Villalba_Ezequiel/urban_flow/data/raw/imgs/urban_flow_plates/747b0f12f54703ee_patente.jpg,AI70VF,83.33
1197,GOOGLE,2023-02-13,08:47,67.0,60,AV LIBERTADOR,R02,PAGADA,7.0,4.0,/content/Urban_Flow-Villalba_Ezequiel/urban_flow/data/raw/imgs/urban_flow_plates/593e594137f374ab.jpg,SGOOGLE,92.31
1203,BB8986,1932-01-01,00:00,104.0,60,AV LIBERTADOR,R01,APELADA,44.0,41.0,/content/Urban_Flow-Villalba_Ezequiel/urban_flow/data/raw/imgs/urban_flow_plates/7cbc7ee444622a66_patente.jpg,BB8986,100.0
1204,HF3461,1932-01-01,18:53,94.0,80,AV SIEMPRE VIVA,R01,PAGADA,14.0,10.0,/content/Urban_Flow-Villalba_Ezequiel/urban_flow/data/raw/imgs/urban_flow_plates/a6e3b0b73220cd32_patente.jpg,HF3461,100.0
1208,6611172,2020-05-07,18:53,61.0,40,AV LIBERTADOR,R03,ERROR,21.0,19.0,/content/Urban_Flow-Villalba_Ezequiel/urban_flow/data/raw/imgs/urban_flow_plates/7a1f9520c7ecd5b1_patente.jpg,6611172,100.0
1221,BM351,2020-05-20,00:00,125.0,80,AV SIEMPRE VIVA,R02,ERROR,45.0,41.0,/content/Urban_Flow-Villalba_Ezequiel/urban_flow/data/raw/imgs/urban_flow_plates/9995dfc6e0eae5a1_patente.jpg,BM351,100.0
1226,XIIUME,2021-02-10,09:53,98.0,80,AV LIBERTADOR,,PAGADA,18.0,14.0,/content/Urban_Flow-Villalba_Ezequiel/urban_flow/data/raw/imgs/urban_flow_plates/64de505bd2bac82b_patente.jpg,XIIUME,100.0
1230,GCP332,2020-06-08,09:54,111.0,40,AV LIBERTADOR,R01,IMPAGA,71.0,69.0,/content/Urban_Flow-Villalba_Ezequiel/urban_flow/data/raw/imgs/urban_flow_plates/d648b2ae1abc09f3_patente.jpg,G0GCP332,85.71
1231,BHRP770,2022-12-11,14:44,115.0,60,AV LIBERTADOR,R02,APELADA,55.0,52.0,/content/Urban_Flow-Villalba_Ezequiel/urban_flow/data/raw/imgs/urban_flow_plates/321ffb38656f7311_patente.jpg,BHRP770,100.0
1249,81ZFJD,2021-05-19,00:00,120.0,40,RUTA 9,,ERROR,80.0,78.0,/content/Urban_Flow-Villalba_Ezequiel/urban_flow/data/raw/imgs/urban_flow_plates/02a6ef3d9bd68e91_patente.jpg,81ZFD,90.91
1254,HF58HXP,2023-07-28,00:00,86.0,80,AV SIEMPRE VIVA,R03,IMPAGA,6.0,2.0,/content/Urban_Flow-Villalba_Ezequiel/urban_flow/data/raw/imgs/urban_flow_plates/9a795bbf4e94d630_patente.jpg,HF5BHXP,85.71
1257,J1S1,2023-08-09,08:50,60.0,40,AV LIBERTADOR,R01,IMPAGA,20.0,18.0,/content/Urban_Flow-Villalba_Ezequiel/urban_flow/data/raw/imgs/urban_flow_plates/e82f13b4a2fe69f3_patente_1.jpg,J1S1,100.0
1259,691XC80,2022-11-29,00:00,117.0,80,AV LIBERTADOR,,APELADA,37.0,33.0,/content/Urban_Flow-Villalba_Ezequiel/urban_flow/data/raw/imgs/urban_flow_plates/5a122adbb1a776b7_patente.jpg,691XC80,100.0
1260,FD1475,2022-01-23,08:50,79.0,60,AV SIEMPRE VIVA,R02,IMPAGA,19.0,16.0,/content/Urban_Flow-Villalba_Ezequiel/urban_flow/data/raw/imgs/urban_flow_plates/d8daed582e6cce2d_patente.jpg,FD147,90.91
1263,M431ZW,2021-02-19,09:55,120.0,60,RUTA 9,R03,APELADA,60.0,57.0,/content/Urban_Flow-Villalba_Ezequiel/urban_flow/data/raw/imgs/urban_flow_plates/299f0363ae21d1c3_patente.jpg,M431ZM,83.33
1264,M431ZW,2021-09-19,08:50,132.0,60,AV LIBERTADOR,R01,ERROR,72.0,69.0,/content/Urban_Flow-Villalba_Ezequiel/urban_flow/data/raw/imgs/urban_flow_plates/299f0363ae21d1c3_patente.jpg,M431ZM,83.33
1280,81ZFJD,2022-05-03,08:51,103.0,40,RUTA 9,,APELADA,63.0,61.0,/content/Urban_Flow-Villalba_Ezequiel/urban_flow/data/raw/imgs/urban_flow_plates/02a6ef3d9bd68e91_patente.jpg,81ZFD,90.91
1281,FVIOUHP,2021-12-23,09:56,113.0,80,AV LIBERTADOR,,IMPAGA,33.0,29.0,/content/Urban_Flow-Villalba_Ezequiel/urban_flow/data/raw/imgs/urban_flow_plates/28e26a4eb646c67a_patente.jpg,FVIDUHP,85.71
1284,5777770,2022-04-11,18:56,64.0,40,AV SIEMPRE VIVA,R02,IMPAGA,24.0,22.0,/content/Urban_Flow-Villalba_Ezequiel/urban_flow/data/raw/imgs/urban_flow_plates/7f56adf4b9306ac9_patente.jpg,5777770,100.0
1301,589222,2020-12-17,14:47,122.0,60,AV SIEMPRE VIVA,R02,PAGADA,62.0,59.0,/content/Urban_Flow-Villalba_Ezequiel/urban_flow/data/raw/imgs/urban_flow_plates/246a0e4264a39433_patente.jpg,589222,100.0
1302,589222,2022-04-03,18:56,64.0,60,RUTA 9,R01,ERROR,4.0,1.0,/content/Urban_Flow-Villalba_Ezequiel/urban_flow/data/raw/imgs/urban_flow_plates/246a0e4264a39433_patente.jpg,589222,100.0
1305,BM351,2020-08-12,08:53,81.0,40,AV LIBERTADOR,R02,PAGADA,41.0,39.0,/content/Urban_Flow-Villalba_Ezequiel/urban_flow/data/raw/imgs/urban_flow_plates/9995dfc6e0eae5a1_patente.jpg,BM351,100.0
1309,2999961,2023-05-12,14:47,122.0,60,AV LIBERTADOR,R01,PAGADA,62.0,59.0,/content/Urban_Flow-Villalba_Ezequiel/urban_flow/data/raw/imgs/urban_flow_plates/5ff91ccfc6f15d04_patente.jpg,2999961,100.0
1316,GOOGLE,2023-12-10,09:56,79.0,40,AV SIEMPRE VIVA,,IMPAGA,39.0,37.0,/content/Urban_Flow-Villalba_Ezequiel/urban_flow/data/raw/imgs/urban_flow_plates/593e594137f374ab.jpg,SGOOGLE,92.31
1318,GCP332,2023-02-09,09:56,125.0,80,AV LIBERTADOR,R03,APELADA,45.0,41.0,/content/Urban_Flow-Villalba_Ezequiel/urban_flow/data/raw/imgs/urban_flow_plates/d648b2ae1abc09f3_patente.jpg,G0GCP332,85.71
1322,GOOGLE,1932-01-01,00:00,92.0,60,AV LIBERTADOR,,APELADA,32.0,29.0,/content/Urban_Flow-Villalba_Ezequiel/urban_flow/data/raw/imgs/urban_flow_plates/593e594137f374ab.jpg,SGOOGLE,92.31
1326,VY90540,2022-09-24,18:57,145.0,80,AV LIBERTADOR,R03,APELADA,65.0,61.0,/content/Urban_Flow-Villalba_Ezequiel/urban_flow/data/raw/imgs/urban_flow_plates/288a95c01e43cd14_patente.jpg,VY90540,100.0
1328,W326AVE,2023-04-13,14:48,126.0,80,AV LIBERTADOR,R02,ERROR,46.0,42.0,/content/Urban_Flow-Villalba_Ezequiel/urban_flow/data/raw/imgs/urban_flow_plates/6c144e47161867c2_patente.jpg,W326AVE,100.0
1329,GOOGLE,2020-03-31,18:57,46.0,40,AV LIBERTADOR,R01,PAGADA,6.0,4.0,/content/Urban_Flow-Villalba_Ezequiel/urban_flow/data/raw/imgs/urban_flow_plates/593e594137f374ab.jpg,SGOOGLE,92.31
1330,VNK296GP,2020-12-05,08:54,107.0,80,RUTA 9,R01,APELADA,27.0,23.0,/content/Urban_Flow-Villalba_Ezequiel/urban_flow/data/raw/imgs/urban_flow_plates/16789af24af158d8_patente.jp2,NK226GP,80.0
1332,UM96201,2021-03-27,18:57,91.0,60,AV LIBERTADOR,R02,APELADA,31.0,28.0,/content/Urban_Flow-Villalba_Ezequiel/urban_flow/data/raw/imgs/urban_flow_plates/09453a7c716a9ef3_patente.jpg,UM96201,100.0
1337,MVU4688,2023-12-26,18:57,122.0,60,AV LIBERTADOR,R03,IMPAGA,62.0,59.0,/content/Urban_Flow-Villalba_Ezequiel/urban_flow/data/raw/imgs/urban_flow_plates/3feecc5809a29627_patente.jpg,MVU4688,100.0
1349,GOOGLE,2023-12-31,18:58,49.0,40,RUTA 9,R02,PAGADA,9.0,7.0,/content/Urban_Flow-Villalba_Ezequiel/urban_flow/data/raw/imgs/urban_flow_plates/593e594137f374ab.jpg,SGOOGLE,92.31
1351,691XC80,1932-01-01,18:58,78.0,60,AV LIBERTADOR,,APELADA,18.0,15.0,/content/Urban_Flow-Villalba_Ezequiel/urban_flow/data/raw/imgs/urban_flow_plates/5a122adbb1a776b7_patente.jpg,691XC80,100.0
1354,W326AVE,2021-01-11,14:48,117.0,60,RUTA 9,R03,IMPAGA,57.0,54.0,/content/Urban_Flow-Villalba_Ezequiel/urban_flow/data/raw/imgs/urban_flow_plates/6c144e47161867c2_patente.jpg,W326AVE,100.0
1368,VNK296GP,2022-02-01,08:56,68.0,60,AV LIBERTADOR,,IMPAGA,8.0,5.0,/content/Urban_Flow-Villalba_Ezequiel/urban_flow/data/raw/imgs/urban_flow_plates/16789af24af158d8_patente.jp2,NK226GP,80.0
1369,J1S1,2023-07-29,18:59,98.0,80,AV SIEMPRE VIVA,R03,ERROR,18.0,14.0,/content/Urban_Flow-Villalba_Ezequiel/urban_flow/data/raw/imgs/urban_flow_plates/e82f13b4a2fe69f3_patente_1.jpg,J1S1,100.0
1379,HK06YMX,2020-02-04,14:49,91.0,60,RUTA 9,,PAGADA,31.0,28.0,/content/Urban_Flow-Villalba_Ezequiel/urban_flow/data/raw/imgs/urban_flow_plates/9a4fe6361597f264_patente.jpg,HKO6YMX,85.71
1380,BM351,2021-03-08,08:56,90.0,80,RUTA 9,R01,PAGADA,10.0,6.0,/content/Urban_Flow-Villalba_Ezequiel/urban_flow/data/raw/imgs/urban_flow_plates/9995dfc6e0eae5a1_patente.jpg,BM351,100.0
1381,BM351,1932-01-01,14:49,107.0,40,AV LIBERTADOR,R01,APELADA,67.0,65.0,/content/Urban_Flow-Villalba_Ezequiel/urban_flow/data/raw/imgs/urban_flow_plates/9995dfc6e0eae5a1_patente.jpg,BM351,100.0
1388,2999961,1932-01-01,14:50,118.0,80,AV LIBERTADOR,R03,IMPAGA,38.0,34.0,/content/Urban_Flow-Villalba_Ezequiel/urban_flow/data/raw/imgs/urban_flow_plates/5ff91ccfc6f15d04_patente.jpg,2999961,100.0
1391,UM96201,2023-01-08,08:57,94.0,80,RUTA 9,R03,PAGADA,14.0,10.0,/content/Urban_Flow-Villalba_Ezequiel/urban_flow/data/raw/imgs/urban_flow_plates/09453a7c716a9ef3_patente.jpg,UM96201,100.0
1399,XIIUME,1932-01-01,00:00,105.0,40,AV LIBERTADOR,R02,IMPAGA,65.0,63.0,/content/Urban_Flow-Villalba_Ezequiel/urban_flow/data/raw/imgs/urban_flow_plates/64de505bd2bac82b_patente.jpg,XIIUME,100.0
1409,691XC80,2023-12-12,00:00,145.0,80,AV LIBERTADOR,R02,PAGADA,65.0,61.0,/content/Urban_Flow-Villalba_Ezequiel/urban_flow/data/raw/imgs/urban_flow_plates/5a122adbb1a776b7_patente.jpg,691XC80,100.0
1410,HF3461,1932-01-01,00:00,65.0,60,AV SIEMPRE VIVA,,PAGADA,5.0,2.0,/content/Urban_Flow-Villalba_Ezequiel/urban_flow/data/raw/imgs/urban_flow_plates/a6e3b0b73220cd32_patente.jpg,HF3461,100.0
1416,FVIOUHP,2020-07-13,10:00,100.0,80,AV LIBERTADOR,R03,ERROR,20.0,16.0,/content/Urban_Flow-Villalba_Ezequiel/urban_flow/data/raw/imgs/urban_flow_plates/28e26a4eb646c67a_patente.jpg,FVIDUHP,85.71
1419,W326AVE,2020-01-28,10:00,72.0,40,RUTA 9,R02,APELADA,32.0,30.0,/content/Urban_Flow-Villalba_Ezequiel/urban_flow/data/raw/imgs/urban_flow_plates/6c144e47161867c2_patente.jpg,W326AVE,100.0
1423,FD1475,2022-12-15,08:58,106.0,80,AV LIBERTADOR,,IMPAGA,26.0,22.0,/content/Urban_Flow-Villalba_Ezequiel/urban_flow/data/raw/imgs/urban_flow_plates/d8daed582e6cce2d_patente.jpg,FD147,90.91
1424,M431ZW,2023-11-09,19:01,96.0,80,AV SIEMPRE VIVA,R02,ERROR,16.0,12.0,/content/Urban_Flow-Villalba_Ezequiel/urban_flow/data/raw/imgs/urban_flow_plates/299f0363ae21d1c3_patente.jpg,M431ZM,83.33
1427,HF3461,1932-01-01,10:00,98.0,40,AV LIBERTADOR,R01,PAGADA,58.0,56.0,/content/Urban_Flow-Villalba_Ezequiel/urban_flow/data/raw/imgs/urban_flow_plates/a6e3b0b73220cd32_patente.jpg,HF3461,100.0
1428,BP717,2020-10-12,00:00,55.0,40,AV SIEMPRE VIVA,R03,IMPAGA,15.0,13.0,/content/Urban_Flow-Villalba_Ezequiel/urban_flow/data/raw/imgs/urban_flow_plates/e1120bfe48f85c1b_patente.jpg,BP717,100.0
1431,81ZFJD,2020-04-28,00:00,120.0,80,AV LIBERTADOR,,ERROR,40.0,36.0,/content/Urban_Flow-Villalba_Ezequiel/urban_flow/data/raw/imgs/urban_flow_plates/02a6ef3d9bd68e91_patente.jpg,81ZFD,90.91
1437,BB8986,1932-01-01,10:01,102.0,80,AV LIBERTADOR,R03,PAGADA,22.0,18.0,/content/Urban_Flow-Villalba_Ezequiel/urban_flow/data/raw/imgs/urban_flow_plates/7cbc7ee444622a66_patente.jpg,BB8986,100.0
1449,CT5B876,2020-03-28,08:59,96.0,40,AV SIEMPRE VIVA,R02,PAGADA,56.0,54.0,/content/Urban_Flow-Villalba_Ezequiel/urban_flow/data/raw/imgs/urban_flow_plates/39c193bcc0c00f9e_patente.jpg,C75B876,85.71
1452,3646HBH,2022-09-15,08:59,154.0,80,RUTA 9,R02,ERROR,74.0,70.0,/content/Urban_Flow-Villalba_Ezequiel/urban_flow/data/raw/imgs/urban_flow_plates/d3729058c6a4186e_patente.jpg,3646HBH,100.0
1458,VNK296GP,2023-12-21,19:03,99.0,60,AV LIBERTADOR,R01,PAGADA,39.0,36.0,/content/Urban_Flow-Villalba_Ezequiel/urban_flow/data/raw/imgs/urban_flow_plates/16789af24af158d8_patente.jp2,NK226GP,80.0
1460,6611172,2022-11-11,19:03,126.0,80,RUTA 9,R01,ERROR,46.0,42.0,/content/Urban_Flow-Villalba_Ezequiel/urban_flow/data/raw/imgs/urban_flow_plates/7a1f9520c7ecd5b1_patente.jpg,6611172,100.0
1466,HF58HXP,1932-01-01,19:03,121.0,80,RUTA 9,,APELADA,41.0,37.0,/content/Urban_Flow-Villalba_Ezequiel/urban_flow/data/raw/imgs/urban_flow_plates/9a795bbf4e94d630_patente.jpg,HF5BHXP,85.71
1468,BHRP770,2021-02-09,09:00,95.0,80,AV SIEMPRE VIVA,R02,IMPAGA,15.0,11.0,/content/Urban_Flow-Villalba_Ezequiel/urban_flow/data/raw/imgs/urban_flow_plates/321ffb38656f7311_patente.jpg,BHRP770,100.0
1475,AI7OVF,2022-02-23,19:04,106.0,60,AV LIBERTADOR,,ERROR,46.0,43.0,/content/Urban_Flow-Villalba_Ezequiel/urban_flow/data/raw/imgs/urban_flow_plates/747b0f12f54703ee_patente.jpg,AI70VF,83.33
1476,HK06YMX,1932-01-01,19:04,125.0,80,AV LIBERTADOR,R01,ERROR,45.0,41.0,/content/Urban_Flow-Villalba_Ezequiel/urban_flow/data/raw/imgs/urban_flow_plates/9a4fe6361597f264_patente.jpg,HKO6YMX,85.71
1493,UM96201,2020-02-29,00:00,118.0,40,AV SIEMPRE VIVA,R03,ERROR,78.0,76.0,/content/Urban_Flow-Villalba_Ezequiel/urban_flow/data/raw/imgs/urban_flow_plates/09453a7c716a9ef3_patente.jpg,UM96201,100.0
1495,FVIOUHP,2021-07-03,10:02,119.0,60,AV SIEMPRE VIVA,R01,PAGADA,59.0,56.0,/content/Urban_Flow-Villalba_Ezequiel/urban_flow/data/raw/imgs/urban_flow_plates/28e26a4eb646c67a_patente.jpg,FVIDUHP,85.71
1503,6611172,2022-02-23,14:55,92.0,40,AV LIBERTADOR,,PAGADA,52.0,50.0,/content/Urban_Flow-Villalba_Ezequiel/urban_flow/data/raw/imgs/urban_flow_plates/7a1f9520c7ecd5b1_patente.jpg,6611172,100.0
1504,XIIUME,2020-03-18,09:02,100.0,80,AV LIBERTADOR,R02,ERROR,20.0,16.0,/content/Urban_Flow-Villalba_Ezequiel/urban_flow/data/raw/imgs/urban_flow_plates/64de505bd2bac82b_patente.jpg,XIIUME,100.0
1517,BHRP770,1932-01-01,19:05,101.0,40,RUTA 9,R02,IMPAGA,61.0,59.0,/content/Urban_Flow-Villalba_Ezequiel/urban_flow/data/raw/imgs/urban_flow_plates/321ffb38656f7311_patente.jpg,BHRP770,100.0
1525,5777770,2021-07-09,00:00,91.0,80,AV SIEMPRE VIVA,,ERROR,11.0,7.0,/content/Urban_Flow-Villalba_Ezequiel/urban_flow/data/raw/imgs/urban_flow_plates/7f56adf4b9306ac9_patente.jpg,5777770,100.0
1528,691XC80,2021-01-06,09:03,105.0,60,AV SIEMPRE VIVA,R01,IMPAGA,45.0,42.0,/content/Urban_Flow-Villalba_Ezequiel/urban_flow/data/raw/imgs/urban_flow_plates/5a122adbb1a776b7_patente.jpg,691XC80,100.0
1530,3646HBH,2023-11-12,09:03,123.0,80,AV LIBERTADOR,,PAGADA,43.0,39.0,/content/Urban_Flow-Villalba_Ezequiel/urban_flow/data/raw/imgs/urban_flow_plates/d3729058c6a4186e_patente.jpg,3646HBH,100.0
1535,HK06YMX,2021-05-07,10:04,128.0,60,RUTA 9,R01,ERROR,68.0,65.0,/content/Urban_Flow-Villalba_Ezequiel/urban_flow/data/raw/imgs/urban_flow_plates/9a4fe6361597f264_patente.jpg,HKO6YMX,85.71
1542,5777770,1932-01-01,10:04,88.0,60,AV LIBERTADOR,R02,APELADA,28.0,25.0,/content/Urban_Flow-Villalba_Ezequiel/urban_flow/data/raw/imgs/urban_flow_plates/7f56adf4b9306ac9_patente.jpg,5777770,100.0
1549,MPX9357,1932-01-01,14:57,74.0,40,AV SIEMPRE VIVA,R01,PAGADA,34.0,32.0,/content/Urban_Flow-Villalba_Ezequiel/urban_flow/data/raw/imgs/urban_flow_plates/182268e1f8c6525f_patente.jpg,MPX9357,100.0
1561,VNK296GP,1932-01-01,09:04,120.0,40,AV SIEMPRE VIVA,,APELADA,80.0,78.0,/content/Urban_Flow-Villalba_Ezequiel/urban_flow/data/raw/imgs/urban_flow_plates/16789af24af158d8_patente.jp2,NK226GP,80.0
1562,2999961,2023-02-13,09:04,80.0,40,AV SIEMPRE VIVA,R02,APELADA,40.0,38.0,/content/Urban_Flow-Villalba_Ezequiel/urban_flow/data/raw/imgs/urban_flow_plates/5ff91ccfc6f15d04_patente.jpg,2999961,100.0
1563,W326AVE,2023-10-27,10:06,153.0,80,RUTA 9,R01,PAGADA,73.0,69.0,/content/Urban_Flow-Villalba_Ezequiel/urban_flow/data/raw/imgs/urban_flow_plates/6c144e47161867c2_patente.jpg,W326AVE,100.0
1570,VY90540,2023-05-20,14:58,58.0,40,RUTA 9,R01,APELADA,18.0,16.0,/content/Urban_Flow-Villalba_Ezequiel/urban_flow/data/raw/imgs/urban_flow_plates/288a95c01e43cd14_patente.jpg,VY90540,100.0
1571,GOOGLE,1932-01-01,00:00,46.0,40,RUTA 9,,IMPAGA,6.0,4.0,/content/Urban_Flow-Villalba_Ezequiel/urban_flow/data/raw/imgs/urban_flow_plates/593e594137f374ab.jpg,SGOOGLE,92.31
1575,6611172,2020-01-18,09:05,92.0,40,RUTA 9,,IMPAGA,52.0,50.0,/content/Urban_Flow-Villalba_Ezequiel/urban_flow/data/raw/imgs/urban_flow_plates/7a1f9520c7ecd5b1_patente.jpg,6611172,100.0
1589,691XC80,2020-06-20,00:00,134.0,60,AV SIEMPRE VIVA,R02,PAGADA,74.0,71.0,/content/Urban_Flow-Villalba_Ezequiel/urban_flow/data/raw/imgs/urban_flow_plates/5a122adbb1a776b7_patente.jpg,691XC80,100.0
1590,FD1475,2022-08-09,09:06,110.0,40,AV SIEMPRE VIVA,R03,PAGADA,70.0,68.0,/content/Urban_Flow-Villalba_Ezequiel/urban_flow/data/raw/imgs/urban_flow_plates/d8daed582e6cce2d_patente.jpg,FD147,90.91
1595,6611172,1932-01-01,10:07,144.0,80,RUTA 9,R01,APELADA,64.0,60.0,/content/Urban_Flow-Villalba_Ezequiel/urban_flow/data/raw/imgs/urban_flow_plates/7a1f9520c7ecd5b1_patente.jpg,6611172,100.0
1596,M431ZW,1932-01-01,00:00,122.0,80,AV SIEMPRE VIVA,R02,IMPAGA,42.0,38.0,/content/Urban_Flow-Villalba_Ezequiel/urban_flow/data/raw/imgs/urban_flow_plates/299f0363ae21d1c3_patente.jpg,M431ZM,83.33
1597,GCP332,2023-01-03,00:00,53.0,40,AV LIBERTADOR,,IMPAGA,13.0,11.0,/content/Urban_Flow-Villalba_Ezequiel/urban_flow/data/raw/imgs/urban_flow_plates/d648b2ae1abc09f3_patente.jpg,G0GCP332,85.71
1622,HF3461,2022-09-12,14:59,45.0,40,RUTA 9,R01,IMPAGA,5.0,3.0,/content/Urban_Flow-Villalba_Ezequiel/urban_flow/data/raw/imgs/urban_flow_plates/a6e3b0b73220cd32_patente.jpg,HF3461,100.0
1624,5777770,1932-01-01,00:00,106.0,60,AV LIBERTADOR,,APELADA,46.0,43.0,/content/Urban_Flow-Villalba_Ezequiel/urban_flow/data/raw/imgs/urban_flow_plates/7f56adf4b9306ac9_patente.jpg,5777770,100.0
1628,FVIOUHP,2022-08-01,00:00,135.0,60,AV LIBERTADOR,R02,IMPAGA,75.0,72.0,/content/Urban_Flow-Villalba_Ezequiel/urban_flow/data/raw/imgs/urban_flow_plates/28e26a4eb646c67a_patente.jpg,FVIDUHP,85.71
1630,3646HBH,1932-01-01,09:07,112.0,40,AV LIBERTADOR,R03,IMPAGA,72.0,70.0,/content/Urban_Flow-Villalba_Ezequiel/urban_flow/data/raw/imgs/urban_flow_plates/d3729058c6a4186e_patente.jpg,3646HBH,100.0
1631,W326AVE,2021-06-23,14:59,90.0,40,AV SIEMPRE VIVA,R02,APELADA,50.0,48.0,/content/Urban_Flow-Villalba_Ezequiel/urban_flow/data/raw/imgs/urban_flow_plates/6c144e47161867c2_patente.jpg,W326AVE,100.0
1632,HF3461,2021-04-09,00:00,57.0,40,AV SIEMPRE VIVA,R01,APELADA,17.0,15.0,/content/Urban_Flow-Villalba_Ezequiel/urban_flow/data/raw/imgs/urban_flow_plates/a6e3b0b73220cd32_patente.jpg,HF3461,100.0
1641,81ZFJD,2023-10-23,15:00,91.0,60,AV LIBERTADOR,R03,ERROR,31.0,28.0,/content/Urban_Flow-Villalba_Ezequiel/urban_flow/data/raw/imgs/urban_flow_plates/02a6ef3d9bd68e91_patente.jpg,81ZFD,90.91
1651,VNK296GP,2021-12-29,09:08,89.0,80,RUTA 9,R03,ERROR,9.0,5.0,/content/Urban_Flow-Villalba_Ezequiel/urban_flow/data/raw/imgs/urban_flow_plates/16789af24af158d8_patente.jp2,NK226GP,80.0
1654,HK06YMX,2023-11-01,15:00,160.0,80,RUTA 9,,PAGADA,80.0,76.0,/content/Urban_Flow-Villalba_Ezequiel/urban_flow/data/raw/imgs/urban_flow_plates/9a4fe6361597f264_patente.jpg,HKO6YMX,85.71
1665,GOOGLE,2021-04-08,09:08,79.0,60,RUTA 9,R03,PAGADA,19.0,16.0,/content/Urban_Flow-Villalba_Ezequiel/urban_flow/data/raw/imgs/urban_flow_plates/593e594137f374ab.jpg,SGOOGLE,92.31
1667,W326AVE,2023-02-04,10:10,127.0,60,AV SIEMPRE VIVA,,IMPAGA,67.0,64.0,/content/Urban_Flow-Villalba_Ezequiel/urban_flow/data/raw/imgs/urban_flow_plates/6c144e47161867c2_patente.jpg,W326AVE,100.0
1668,FVIOUHP,2022-06-03,10:11,84.0,60,AV LIBERTADOR,R01,IMPAGA,24.0,21.0,/content/Urban_Flow-Villalba_Ezequiel/urban_flow/data/raw/imgs/urban_flow_plates/28e26a4eb646c67a_patente.jpg,FVIDUHP,85.71
1680,MPX9357,2022-06-01,09:08,151.0,80,AV LIBERTADOR,R03,APELADA,71.0,67.0,/content/Urban_Flow-Villalba_Ezequiel/urban_flow/data/raw/imgs/urban_flow_plates/182268e1f8c6525f_patente.jpg,MPX9357,100.0
1686,FVIOUHP,2022-06-15,19:12,43.0,40,RUTA 9,R01,PAGADA,3.0,1.0,/content/Urban_Flow-Villalba_Ezequiel/urban_flow/data/raw/imgs/urban_flow_plates/28e26a4eb646c67a_patente.jpg,FVIDUHP,85.71
1687,589222,2023-08-05,09:09,81.0,60,RUTA 9,,ERROR,21.0,18.0,/content/Urban_Flow-Villalba_Ezequiel/urban_flow/data/raw/imgs/urban_flow_plates/246a0e4264a39433_patente.jpg,589222,100.0
1716,BP717,2020-03-08,19:14,94.0,40,AV SIEMPRE VIVA,R03,PAGADA,54.0,52.0,/content/Urban_Flow-Villalba_Ezequiel/urban_flow/data/raw/imgs/urban_flow_plates/e1120bfe48f85c1b_patente.jpg,BP717,100.0
1720,M431ZW,2021-10-26,10:12,86.0,60,AV LIBERTADOR,R01,ERROR,26.0,23.0,/content/Urban_Flow-Villalba_Ezequiel/urban_flow/data/raw/imgs/urban_flow_plates/299f0363ae21d1c3_patente.jpg,M431ZM,83.33
1729,HF58HXP,2020-02-14,19:15,97.0,60,RUTA 9,R01,PAGADA,37.0,34.0,/content/Urban_Flow-Villalba_Ezequiel/urban_flow/data/raw/imgs/urban_flow_plates/9a795bbf4e94d630_patente.jpg,HF5BHXP,85.71
1733,UM96201,2020-03-20,19:15,125.0,80,AV LIBERTADOR,R02,APELADA,45.0,41.0,/content/Urban_Flow-Villalba_Ezequiel/urban_flow/data/raw/imgs/urban_flow_plates/09453a7c716a9ef3_patente.jpg,UM96201,100.0
1735,AI7OVF,2020-05-01,00:00,151.0,80,AV SIEMPRE VIVA,R02,ERROR,71.0,67.0,/content/Urban_Flow-Villalba_Ezequiel/urban_flow/data/raw/imgs/urban_flow_plates/747b0f12f54703ee_patente.jpg,AI70VF,83.33
1736,BP717,2021-01-23,19:15,65.0,40,AV LIBERTADOR,R03,IMPAGA,25.0,23.0,/content/Urban_Flow-Villalba_Ezequiel/urban_flow/data/raw/imgs/urban_flow_plates/e1120bfe48f85c1b_patente.jpg,BP717,100.0
1737,81ZFJD,2023-10-06,00:00,87.0,40,AV LIBERTADOR,R03,APELADA,47.0,45.0,/content/Urban_Flow-Villalba_Ezequiel/urban_flow/data/raw/imgs/urban_flow_plates/02a6ef3d9bd68e91_patente.jpg,81ZFD,90.91
1743,MVU4688,1932-01-01,19:16,72.0,40,AV SIEMPRE VIVA,R03,ERROR,32.0,30.0,/content/Urban_Flow-Villalba_Ezequiel/urban_flow/data/raw/imgs/urban_flow_plates/3feecc5809a29627_patente.jpg,MVU4688,100.0
1746,HF58HXP,2023-10-01,00:00,112.0,40,RUTA 9,R03,PAGADA,72.0,70.0,/content/Urban_Flow-Villalba_Ezequiel/urban_flow/data/raw/imgs/urban_flow_plates/9a795bbf4e94d630_patente.jpg,HF5BHXP,85.71
1748,BP717,2023-04-25,10:13,139.0,80,AV SIEMPRE VIVA,R03,IMPAGA,59.0,55.0,/content/Urban_Flow-Villalba_Ezequiel/urban_flow/data/raw/imgs/urban_flow_plates/e1120bfe48f85c1b_patente.jpg,BP717,100.0
1754,6611172,2023-02-19,10:14,89.0,60,AV SIEMPRE VIVA,R02,APELADA,29.0,26.0,/content/Urban_Flow-Villalba_Ezequiel/urban_flow/data/raw/imgs/urban_flow_plates/7a1f9520c7ecd5b1_patente.jpg,6611172,100.0
1761,GCP332,2020-08-02,09:12,89.0,40,AV SIEMPRE VIVA,R01,APELADA,49.0,47.0,/content/Urban_Flow-Villalba_Ezequiel/urban_flow/data/raw/imgs/urban_flow_plates/d648b2ae1abc09f3_patente.jpg,G0GCP332,85.71
1763,GCP332,2020-06-11,10:15,110.0,40,RUTA 9,R02,ERROR,70.0,68.0,/content/Urban_Flow-Villalba_Ezequiel/urban_flow/data/raw/imgs/urban_flow_plates/d648b2ae1abc09f3_patente.jpg,G0GCP332,85.71
1765,BHRP770,2021-04-19,15:04,104.0,80,RUTA 9,,ERROR,24.0,20.0,/content/Urban_Flow-Villalba_Ezequiel/urban_flow/data/raw/imgs/urban_flow_plates/321ffb38656f7311_patente.jpg,BHRP770,100.0
1777,81ZFJD,1932-01-01,19:17,116.0,60,AV LIBERTADOR,R01,ERROR,56.0,53.0,/content/Urban_Flow-Villalba_Ezequiel/urban_flow/data/raw/imgs/urban_flow_plates/02a6ef3d9bd68e91_patente.jpg,81ZFD,90.91
1778,MVU4688,2020-09-07,19:17,84.0,60,AV SIEMPRE VIVA,,IMPAGA,24.0,21.0,/content/Urban_Flow-Villalba_Ezequiel/urban_flow/data/raw/imgs/urban_flow_plates/3feecc5809a29627_patente.jpg,MVU4688,100.0
1779,J1S1,2023-05-21,10:15,112.0,40,AV SIEMPRE VIVA,R01,ERROR,72.0,70.0,/content/Urban_Flow-Villalba_Ezequiel/urban_flow/data/raw/imgs/urban_flow_plates/e82f13b4a2fe69f3_patente_1.jpg,J1S1,100.0
1790,CT5B876,2023-03-24,15:05,59.0,40,AV LIBERTADOR,R03,PAGADA,19.0,17.0,/content/Urban_Flow-Villalba_Ezequiel/urban_flow/data/raw/imgs/urban_flow_plates/39c193bcc0c00f9e_patente.jpg,C75B876,85.71
1792,CT5B876,2021-07-09,15:05,132.0,60,AV LIBERTADOR,,IMPAGA,72.0,69.0,/content/Urban_Flow-Villalba_Ezequiel/urban_flow/data/raw/imgs/urban_flow_plates/39c193bcc0c00f9e_patente.jpg,C75B876,85.71
1793,GOOGLE,1932-01-01,19:17,129.0,80,AV LIBERTADOR,R02,ERROR,49.0,45.0,/content/Urban_Flow-Villalba_Ezequiel/urban_flow/data/raw/imgs/urban_flow_plates/593e594137f374ab.jpg,SGOOGLE,92.31
1804,MVU4688,2023-03-21,09:13,97.0,80,AV SIEMPRE VIVA,R01,ERROR,17.0,13.0,/content/Urban_Flow-Villalba_Ezequiel/urban_flow/data/raw/imgs/urban_flow_plates/3feecc5809a29627_patente.jpg,MVU4688,100.0
1806,FD1475,1932-01-01,15:06,82.0,60,AV SIEMPRE VIVA,R03,IMPAGA,22.0,19.0,/content/Urban_Flow-Villalba_Ezequiel/urban_flow/data/raw/imgs/urban_flow_plates/d8daed582e6cce2d_patente.jpg,FD147,90.91
1817,VNK296GP,2021-08-22,00:00,88.0,40,AV SIEMPRE VIVA,R02,APELADA,48.0,46.0,/content/Urban_Flow-Villalba_Ezequiel/urban_flow/data/raw/imgs/urban_flow_plates/16789af24af158d8_patente.jp2,NK226GP,80.0
1822,GCP332,1932-01-01,09:13,101.0,80,AV LIBERTADOR,R03,APELADA,21.0,17.0,/content/Urban_Flow-Villalba_Ezequiel/urban_flow/data/raw/imgs/urban_flow_plates/d648b2ae1abc09f3_patente.jpg,G0GCP332,85.71
1832,J1S1,2022-05-31,09:14,48.0,40,RUTA 9,R02,APELADA,8.0,6.0,/content/Urban_Flow-Villalba_Ezequiel/urban_flow/data/raw/imgs/urban_flow_plates/e82f13b4a2fe69f3_patente_1.jpg,J1S1,100.0
1833,MVU4688,2022-10-30,00:00,74.0,60,RUTA 9,R01,APELADA,14.0,11.0,/content/Urban_Flow-Villalba_Ezequiel/urban_flow/data/raw/imgs/urban_flow_plates/3feecc5809a29627_patente.jpg,MVU4688,100.0
1840,3646HBH,1932-01-01,09:15,86.0,40,AV LIBERTADOR,R03,APELADA,46.0,44.0,/content/Urban_Flow-Villalba_Ezequiel/urban_flow/data/raw/imgs/urban_flow_plates/d3729058c6a4186e_patente.jpg,3646HBH,100.0
1845,W326AVE,1932-01-01,09:15,78.0,60,AV LIBERTADOR,R03,PAGADA,18.0,15.0,/content/Urban_Flow-Villalba_Ezequiel/urban_flow/data/raw/imgs/urban_flow_plates/6c144e47161867c2_patente.jpg,W326AVE,100.0
1847,BHRP770,2021-04-07,09:16,67.0,40,RUTA 9,R03,APELADA,27.0,25.0,/content/Urban_Flow-Villalba_Ezequiel/urban_flow/data/raw/imgs/urban_flow_plates/321ffb38656f7311_patente.jpg,BHRP770,100.0
1853,HF3461,2021-07-16,00:00,79.0,60,AV SIEMPRE VIVA,,PAGADA,19.0,16.0,/content/Urban_Flow-Villalba_Ezequiel/urban_flow/data/raw/imgs/urban_flow_plates/a6e3b0b73220cd32_patente.jpg,HF3461,100.0
1857,GCP332,1932-01-01,00:00,159.0,80,RUTA 9,R01,IMPAGA,79.0,75.0,/content/Urban_Flow-Villalba_Ezequiel/urban_flow/data/raw/imgs/urban_flow_plates/d648b2ae1abc09f3_patente.jpg,G0GCP332,85.71
1865,MVU4688,2023-02-25,00:00,88.0,60,AV SIEMPRE VIVA,R02,IMPAGA,28.0,25.0,/content/Urban_Flow-Villalba_Ezequiel/urban_flow/data/raw/imgs/urban_flow_plates/3feecc5809a29627_patente.jpg,MVU4688,100.0
1872,GCP332,2021-02-28,15:08,96.0,40,RUTA 9,R03,ERROR,56.0,54.0,/content/Urban_Flow-Villalba_Ezequiel/urban_flow/data/raw/imgs/urban_flow_plates/d648b2ae1abc09f3_patente.jpg,G0GCP332,85.71
1904,M431ZW,2021-05-23,00:00,66.0,40,AV SIEMPRE VIVA,,APELADA,26.0,24.0,/content/Urban_Flow-Villalba_Ezequiel/urban_flow/data/raw/imgs/urban_flow_plates/299f0363ae21d1c3_patente.jpg,M431ZM,83.33
1907,2999961,1932-01-01,10:20,157.0,80,RUTA 9,R03,IMPAGA,77.0,73.0,/content/Urban_Flow-Villalba_Ezequiel/urban_flow/data/raw/imgs/urban_flow_plates/5ff91ccfc6f15d04_patente.jpg,2999961,100.0
1914,HF58HXP,2023-02-07,00:00,78.0,40,AV LIBERTADOR,R01,PAGADA,38.0,36.0,/content/Urban_Flow-Villalba_Ezequiel/urban_flow/data/raw/imgs/urban_flow_plates/9a795bbf4e94d630_patente.jpg,HF5BHXP,85.71
1915,MVU4688,2022-06-01,15:10,79.0,60,AV SIEMPRE VIVA,R02,APELADA,19.0,16.0,/content/Urban_Flow-Villalba_Ezequiel/urban_flow/data/raw/imgs/urban_flow_plates/3feecc5809a29627_patente.jpg,MVU4688,100.0
1921,M431ZW,1932-01-01,09:19,105.0,60,AV SIEMPRE VIVA,R03,PAGADA,45.0,42.0,/content/Urban_Flow-Villalba_Ezequiel/urban_flow/data/raw/imgs/urban_flow_plates/299f0363ae21d1c3_patente.jpg,M431ZM,83.33
1936,GOOGLE,2021-08-20,09:20,129.0,80,AV LIBERTADOR,R02,IMPAGA,49.0,45.0,/content/Urban_Flow-Villalba_Ezequiel/urban_flow/data/raw/imgs/urban_flow_plates/593e594137f374ab.jpg,SGOOGLE,92.31
1939,BB8986,2023-01-23,19:21,101.0,60,RUTA 9,,ERROR,41.0,38.0,/content/Urban_Flow-Villalba_Ezequiel/urban_flow/data/raw/imgs/urban_flow_plates/7cbc7ee444622a66_patente.jpg,BB8986,100.0
1948,CT5B876,1932-01-01,19:22,155.0,80,RUTA 9,R01,APELADA,75.0,71.0,/content/Urban_Flow-Villalba_Ezequiel/urban_flow/data/raw/imgs/urban_flow_plates/39c193bcc0c00f9e_patente.jpg,C75B876,85.71
1953,FVIOUHP,1932-01-01,09:20,115.0,60,AV SIEMPRE VIVA,R03,IMPAGA,55.0,52.0,/content/Urban_Flow-Villalba_Ezequiel/urban_flow/data/raw/imgs/urban_flow_plates/28e26a4eb646c67a_patente.jpg,FVIDUHP,85.71
1956,VY90540,2022-06-21,00:00,46.0,40,RUTA 9,R02,ERROR,6.0,4.0,/content/Urban_Flow-Villalba_Ezequiel/urban_flow/data/raw/imgs/urban_flow_plates/288a95c01e43cd14_patente.jpg,VY90540,100.0
1958,GCP332,2021-06-07,00:00,124.0,80,AV LIBERTADOR,R01,APELADA,44.0,40.0,/content/Urban_Flow-Villalba_Ezequiel/urban_flow/data/raw/imgs/urban_flow_plates/d648b2ae1abc09f3_patente.jpg,G0GCP332,85.71
1970,VY90540,2022-02-13,09:21,116.0,60,RUTA 9,R02,PAGADA,56.0,53.0,/content/Urban_Flow-Villalba_Ezequiel/urban_flow/data/raw/imgs/urban_flow_plates/288a95c01e43cd14_patente.jpg,VY90540,100.0
1985,M431ZW,1932-01-01,19:25,137.0,80,AV SIEMPRE VIVA,R01,ERROR,57.0,53.0,/content/Urban_Flow-Villalba_Ezequiel/urban_flow/data/raw/imgs/urban_flow_plates/299f0363ae21d1c3_patente.jpg,M431ZM,83.33
1989,W326AVE,2022-10-12,15:12,109.0,40,AV LIBERTADOR,R03,APELADA,69.0,67.0,/content/Urban_Flow-Villalba_Ezequiel/urban_flow/data/raw/imgs/urban_flow_plates/6c144e47161867c2_patente.jpg,W326AVE,100.0
1990,BB8986,1932-01-01,10:23,121.0,80,AV SIEMPRE VIVA,,ERROR,41.0,37.0,/content/Urban_Flow-Villalba_Ezequiel/urban_flow/data/raw/imgs/urban_flow_plates/7cbc7ee444622a66_patente.jpg,BB8986,100.0
1999,XIIUME,2021-01-01,10:24,131.0,80,AV LIBERTADOR,R02,ERROR,51.0,47.0,/content/Urban_Flow-Villalba_Ezequiel/urban_flow/data/raw/imgs/urban_flow_plates/64de505bd2bac82b_patente.jpg,XIIUME,100.0
2000,CT5B876,2021-06-20,19:25,86.0,40,RUTA 9,R01,APELADA,46.0,44.0,/content/Urban_Flow-Villalba_Ezequiel/urban_flow/data/raw/imgs/urban_flow_plates/39c193bcc0c00f9e_patente.jpg,C75B876,85.71
2002,HF3461,2021-04-10,10:24,100.0,80,RUTA 9,R01,APELADA,20.0,16.0,/content/Urban_Flow-Villalba_Ezequiel/urban_flow/data/raw/imgs/urban_flow_plates/a6e3b0b73220cd32_patente.jpg,HF3461,100.0
2008,W326AVE,2022-09-19,15:13,93.0,60,AV LIBERTADOR,R02,APELADA,33.0,30.0,/content/Urban_Flow-Villalba_Ezequiel/urban_flow/data/raw/imgs/urban_flow_plates/6c144e47161867c2_patente.jpg,W326AVE,100.0
2009,3646HBH,2023-03-05,00:00,120.0,60,AV SIEMPRE VIVA,R02,IMPAGA,60.0,57.0,/content/Urban_Flow-Villalba_Ezequiel/urban_flow/data/raw/imgs/urban_flow_plates/d3729058c6a4186e_patente.jpg,3646HBH,100.0
2017,M431ZW,2023-09-19,00:00,122.0,80,RUTA 9,R03,ERROR,42.0,38.0,/content/Urban_Flow-Villalba_Ezequiel/urban_flow/data/raw/imgs/urban_flow_plates/299f0363ae21d1c3_patente.jpg,M431ZM,83.33
2019,UM96201,2023-06-23,09:22,112.0,40,AV SIEMPRE VIVA,R02,APELADA,72.0,70.0,/content/Urban_Flow-Villalba_Ezequiel/urban_flow/data/raw/imgs/urban_flow_plates/09453a7c716a9ef3_patente.jpg,UM96201,100.0
2026,HK06YMX,1932-01-01,19:27,116.0,40,RUTA 9,,ERROR,76.0,74.0,/content/Urban_Flow-Villalba_Ezequiel/urban_flow/data/raw/imgs/urban_flow_plates/9a4fe6361597f264_patente.jpg,HKO6YMX,85.71
2029,6611172,1932-01-01,09:23,115.0,80,AV LIBERTADOR,,PAGADA,35.0,31.0,/content/Urban_Flow-Villalba_Ezequiel/urban_flow/data/raw/imgs/urban_flow_plates/7a1f9520c7ecd5b1_patente.jpg,6611172,100.0
2036,3646HBH,2020-10-19,09:23,86.0,40,RUTA 9,R01,ERROR,46.0,44.0,/content/Urban_Flow-Villalba_Ezequiel/urban_flow/data/raw/imgs/urban_flow_plates/d3729058c6a4186e_patente.jpg,3646HBH,100.0
2040,FD1475,1932-01-01,19:28,97.0,60,AV SIEMPRE VIVA,R01,IMPAGA,37.0,34.0,/content/Urban_Flow-Villalba_Ezequiel/urban_flow/data/raw/imgs/urban_flow_plates/d8daed582e6cce2d_patente.jpg,FD147,90.91
2042,XIIUME,2022-09-11,09:23,81.0,60,AV LIBERTADOR,R01,PAGADA,21.0,18.0,/content/Urban_Flow-Villalba_Ezequiel/urban_flow/data/raw/imgs/urban_flow_plates/64de505bd2bac82b_patente.jpg,XIIUME,100.0
2044,6611172,1932-01-01,09:24,155.0,80,AV SIEMPRE VIVA,R02,IMPAGA,75.0,71.0,/content/Urban_Flow-Villalba_Ezequiel/urban_flow/data/raw/imgs/urban_flow_plates/7a1f9520c7ecd5b1_patente.jpg,6611172,100.0
2055,W326AVE,1932-01-01,19:28,159.0,80,AV LIBERTADOR,R01,IMPAGA,79.0,75.0,/content/Urban_Flow-Villalba_Ezequiel/urban_flow/data/raw/imgs/urban_flow_plates/6c144e47161867c2_patente.jpg,W326AVE,100.0
2060,VNK296GP,2023-10-26,19:29,149.0,80,RUTA 9,R02,PAGADA,69.0,65.0,/content/Urban_Flow-Villalba_Ezequiel/urban_flow/data/raw/imgs/urban_flow_plates/16789af24af158d8_patente.jp2,NK226GP,80.0
2075,CT5B876,1932-01-01,19:29,103.0,80,AV LIBERTADOR,R02,PAGADA,23.0,19.0,/content/Urban_Flow-Villalba_Ezequiel/urban_flow/data/raw/imgs/urban_flow_plates/39c193bcc0c00f9e_patente.jpg,C75B876,85.71
2081,BM351,2023-01-22,00:00,96.0,60,AV LIBERTADOR,R03,APELADA,36.0,33.0,/content/Urban_Flow-Villalba_Ezequiel/urban_flow/data/raw/imgs/urban_flow_plates/9995dfc6e0eae5a1_patente.jpg,BM351,100.0
2082,VY90540,2022-06-01,09:25,58.0,40,AV SIEMPRE VIVA,R02,ERROR,18.0,16.0,/content/Urban_Flow-Villalba_Ezequiel/urban_flow/data/raw/imgs/urban_flow_plates/288a95c01e43cd14_patente.jpg,VY90540,100.0
2107,BB8986,2021-09-29,10:27,91.0,80,RUTA 9,R02,APELADA,11.0,7.0,/content/Urban_Flow-Villalba_Ezequiel/urban_flow/data/raw/imgs/urban_flow_plates/7cbc7ee444622a66_patente.jpg,BB8986,100.0
2112,HK06YMX,1932-01-01,10:27,148.0,80,AV SIEMPRE VIVA,R03,APELADA,68.0,64.0,/content/Urban_Flow-Villalba_Ezequiel/urban_flow/data/raw/imgs/urban_flow_plates/9a4fe6361597f264_patente.jpg,HKO6YMX,85.71
2113,BP717,1932-01-01,09:27,92.0,40,RUTA 9,,ERROR,52.0,50.0,/content/Urban_Flow-Villalba_Ezequiel/urban_flow/data/raw/imgs/urban_flow_plates/e1120bfe48f85c1b_patente.jpg,BP717,100.0
2118,FD1475,2022-01-27,00:00,106.0,60,AV LIBERTADOR,R01,IMPAGA,46.0,43.0,/content/Urban_Flow-Villalba_Ezequiel/urban_flow/data/raw/imgs/urban_flow_plates/d8daed582e6cce2d_patente.jpg,FD147,90.91
2120,2999961,2022-08-03,09:27,139.0,60,RUTA 9,R02,APELADA,79.0,76.0,/content/Urban_Flow-Villalba_Ezequiel/urban_flow/data/raw/imgs/urban_flow_plates/5ff91ccfc6f15d04_patente.jpg,2999961,100.0
2123,J1S1,2021-04-06,19:30,44.0,40,AV SIEMPRE VIVA,R01,IMPAGA,4.0,2.0,/content/Urban_Flow-Villalba_Ezequiel/urban_flow/data/raw/imgs/urban_flow_plates/e82f13b4a2fe69f3_patente_1.jpg,J1S1,100.0
2141,HK06YMX,2022-03-15,10:29,149.0,80,AV LIBERTADOR,R01,IMPAGA,69.0,65.0,/content/Urban_Flow-Villalba_Ezequiel/urban_flow/data/raw/imgs/urban_flow_plates/9a4fe6361597f264_patente.jpg,HKO6YMX,85.71
2147,6611172,2021-01-20,00:00,93.0,40,AV LIBERTADOR,R02,ERROR,53.0,51.0,/content/Urban_Flow-Villalba_Ezequiel/urban_flow/data/raw/imgs/urban_flow_plates/7a1f9520c7ecd5b1_patente.jpg,6611172,100.0
2154,FD1475,2020-04-21,10:30,82.0,60,RUTA 9,R02,PAGADA,22.0,19.0,/content/Urban_Flow-Villalba_Ezequiel/urban_flow/data/raw/imgs/urban_flow_plates/d8daed582e6cce2d_patente.jpg,FD147,90.91
2156,AI7OVF,1932-01-01,09:28,113.0,80,AV LIBERTADOR,R02,ERROR,33.0,29.0,/content/Urban_Flow-Villalba_Ezequiel/urban_flow/data/raw/imgs/urban_flow_plates/747b0f12f54703ee_patente.jpg,AI70VF,83.33
2161,VY90540,2021-05-15,10:30,95.0,40,AV LIBERTADOR,R01,ERROR,55.0,53.0,/content/Urban_Flow-Villalba_Ezequiel/urban_flow/data/raw/imgs/urban_flow_plates/288a95c01e43cd14_patente.jpg,VY90540,100.0
2170,BB8986,2023-05-07,09:29,97.0,80,AV LIBERTADOR,R02,APELADA,17.0,13.0,/content/Urban_Flow-Villalba_Ezequiel/urban_flow/data/raw/imgs/urban_flow_plates/7cbc7ee444622a66_patente.jpg,BB8986,100.0
2180,BHRP770,2022-09-04,09:30,79.0,40,AV LIBERTADOR,R03,ERROR,39.0,37.0,/content/Urban_Flow-Villalba_Ezequiel/urban_flow/data/raw/imgs/urban_flow_plates/321ffb38656f7311_patente.jpg,BHRP770,100.0
2181,UM96201,2021-06-07,19:33,116.0,40,AV SIEMPRE VIVA,R01,ERROR,76.0,74.0,/content/Urban_Flow-Villalba_Ezequiel/urban_flow/data/raw/imgs/urban_flow_plates/09453a7c716a9ef3_patente.jpg,UM96201,100.0
2185,GOOGLE,2022-05-18,10:31,144.0,80,AV LIBERTADOR,,ERROR,64.0,60.0,/content/Urban_Flow-Villalba_Ezequiel/urban_flow/data/raw/imgs/urban_flow_plates/593e594137f374ab.jpg,SGOOGLE,92.31
2186,M431ZW,2022-05-28,15:17,115.0,40,AV LIBERTADOR,,ERROR,75.0,73.0,/content/Urban_Flow-Villalba_Ezequiel/urban_flow/data/raw/imgs/urban_flow_plates/299f0363ae21d1c3_patente.jpg,M431ZM,83.33
2188,XIIUME,2022-01-23,15:18,129.0,80,AV LIBERTADOR,R02,IMPAGA,49.0,45.0,/content/Urban_Flow-Villalba_Ezequiel/urban_flow/data/raw/imgs/urban_flow_plates/64de505bd2bac82b_patente.jpg,XIIUME,100.0
2192,589222,2024-01-11,10:31,89.0,60,AV SIEMPRE VIVA,R02,PAGADA,29.0,26.0,/content/Urban_Flow-Villalba_Ezequiel/urban_flow/data/raw/imgs/urban_flow_plates/246a0e4264a39433_patente.jpg,589222,100.0
2198,81ZFJD,2021-12-17,09:30,143.0,80,AV LIBERTADOR,R02,ERROR,63.0,59.0,/content/Urban_Flow-Villalba_Ezequiel/urban_flow/data/raw/imgs/urban_flow_plates/02a6ef3d9bd68e91_patente.jpg,81ZFD,90.91
2199,3646HBH,2020-03-26,10:31,145.0,80,AV LIBERTADOR,,PAGADA,65.0,61.0,/content/Urban_Flow-Villalba_Ezequiel/urban_flow/data/raw/imgs/urban_flow_plates/d3729058c6a4186e_patente.jpg,3646HBH,100.0
2213,M431ZW,2023-02-08,00:00,108.0,80,AV LIBERTADOR,R01,IMPAGA,28.0,24.0,/content/Urban_Flow-Villalba_Ezequiel/urban_flow/data/raw/imgs/urban_flow_plates/299f0363ae21d1c3_patente.jpg,M431ZM,83.33
2217,BP717,2023-07-12,09:31,97.0,80,AV LIBERTADOR,R02,APELADA,17.0,13.0,/content/Urban_Flow-Villalba_Ezequiel/urban_flow/data/raw/imgs/urban_flow_plates/e1120bfe48f85c1b_patente.jpg,BP717,100.0
2225,HF3461,1932-01-01,10:33,81.0,60,RUTA 9,R03,PAGADA,21.0,18.0,/content/Urban_Flow-Villalba_Ezequiel/urban_flow/data/raw/imgs/urban_flow_plates/a6e3b0b73220cd32_patente.jpg,HF3461,100.0
2226,UM96201,2021-07-08,00:00,106.0,40,AV LIBERTADOR,R02,PAGADA,66.0,64.0,/content/Urban_Flow-Villalba_Ezequiel/urban_flow/data/raw/imgs/urban_flow_plates/09453a7c716a9ef3_patente.jpg,UM96201,100.0
2230,GOOGLE,2023-03-13,09:31,115.0,40,AV SIEMPRE VIVA,,PAGADA,75.0,73.0,/content/Urban_Flow-Villalba_Ezequiel/urban_flow/data/raw/imgs/urban_flow_plates/593e594137f374ab.jpg,SGOOGLE,92.31
2237,MPX9357,2020-12-09,15:19,84.0,60,AV LIBERTADOR,R01,APELADA,24.0,21.0,/content/Urban_Flow-Villalba_Ezequiel/urban_flow/data/raw/imgs/urban_flow_plates/182268e1f8c6525f_patente.jpg,MPX9357,100.0
2239,J1S1,1932-01-01,09:31,127.0,80,AV LIBERTADOR,R03,APELADA,47.0,43.0,/content/Urban_Flow-Villalba_Ezequiel/urban_flow/data/raw/imgs/urban_flow_plates/e82f13b4a2fe69f3_patente_1.jpg,J1S1,100.0
2246,FVIOUHP,2022-02-23,00:00,110.0,60,AV SIEMPRE VIVA,,ERROR,50.0,47.0,/content/Urban_Flow-Villalba_Ezequiel/urban_flow/data/raw/imgs/urban_flow_plates/28e26a4eb646c67a_patente.jpg,FVIDUHP,85.71
2248,BM351,2021-08-12,15:19,112.0,60,RUTA 9,R03,PAGADA,52.0,49.0,/content/Urban_Flow-Villalba_Ezequiel/urban_flow/data/raw/imgs/urban_flow_plates/9995dfc6e0eae5a1_patente.jpg,BM351,100.0
2260,VNK296GP,2021-04-16,10:34,126.0,60,AV LIBERTADOR,R02,PAGADA,66.0,63.0,/content/Urban_Flow-Villalba_Ezequiel/urban_flow/data/raw/imgs/urban_flow_plates/16789af24af158d8_patente.jp2,NK226GP,80.0
2261,6611172,1932-01-01,15:20,136.0,80,AV LIBERTADOR,R02,PAGADA,56.0,52.0,/content/Urban_Flow-Villalba_Ezequiel/urban_flow/data/raw/imgs/urban_flow_plates/7a1f9520c7ecd5b1_patente.jpg,6611172,100.0
2270,HF58HXP,2022-08-16,19:37,101.0,80,AV SIEMPRE VIVA,,ERROR,21.0,17.0,/content/Urban_Flow-Villalba_Ezequiel/urban_flow/data/raw/imgs/urban_flow_plates/9a795bbf4e94d630_patente.jpg,HF5BHXP,85.71
2278,MVU4688,2021-03-05,09:33,105.0,80,AV LIBERTADOR,,ERROR,25.0,21.0,/content/Urban_Flow-Villalba_Ezequiel/urban_flow/data/raw/imgs/urban_flow_plates/3feecc5809a29627_patente.jpg,MVU4688,100.0
2281,FD1475,2020-07-06,09:33,67.0,40,AV SIEMPRE VIVA,R03,ERROR,27.0,25.0,/content/Urban_Flow-Villalba_Ezequiel/urban_flow/data/raw/imgs/urban_flow_plates/d8daed582e6cce2d_patente.jpg,FD147,90.91
2286,MPX9357,1932-01-01,09:34,66.0,40,RUTA 9,,IMPAGA,26.0,24.0,/content/Urban_Flow-Villalba_Ezequiel/urban_flow/data/raw/imgs/urban_flow_plates/182268e1f8c6525f_patente.jpg,MPX9357,100.0
2288,81ZFJD,1932-01-01,10:35,114.0,40,AV SIEMPRE VIVA,R02,IMPAGA,74.0,72.0,/content/Urban_Flow-Villalba_Ezequiel/urban_flow/data/raw/imgs/urban_flow_plates/02a6ef3d9bd68e91_patente.jpg,81ZFD,90.91
2296,3646HBH,1932-01-01,10:36,116.0,60,RUTA 9,R02,PAGADA,56.0,53.0,/content/Urban_Flow-Villalba_Ezequiel/urban_flow/data/raw/imgs/urban_flow_plates/d3729058c6a4186e_patente.jpg,3646HBH,100.0
2305,589222,2020-12-15,15:22,134.0,60,AV LIBERTADOR,,APELADA,74.0,71.0,/content/Urban_Flow-Villalba_Ezequiel/urban_flow/data/raw/imgs/urban_flow_plates/246a0e4264a39433_patente.jpg,589222,100.0
2310,M431ZW,2022-02-25,00:00,89.0,80,AV LIBERTADOR,R01,ERROR,9.0,5.0,/content/Urban_Flow-Villalba_Ezequiel/urban_flow/data/raw/imgs/urban_flow_plates/299f0363ae21d1c3_patente.jpg,M431ZM,83.33
2311,BP717,1932-01-01,15:22,132.0,60,AV SIEMPRE VIVA,R03,APELADA,72.0,69.0,/content/Urban_Flow-Villalba_Ezequiel/urban_flow/data/raw/imgs/urban_flow_plates/e1120bfe48f85c1b_patente.jpg,BP717,100.0
2314,81ZFJD,2021-03-23,15:23,106.0,60,AV LIBERTADOR,R03,ERROR,46.0,43.0,/content/Urban_Flow-Villalba_Ezequiel/urban_flow/data/raw/imgs/urban_flow_plates/02a6ef3d9bd68e91_patente.jpg,81ZFD,90.91
2333,BM351,2022-12-18,10:37,50.0,40,AV SIEMPRE VIVA,R03,PAGADA,10.0,8.0,/content/Urban_Flow-Villalba_Ezequiel/urban_flow/data/raw/imgs/urban_flow_plates/9995dfc6e0eae5a1_patente.jpg,BM351,100.0
2342,5777770,1932-01-01,10:37,126.0,80,AV LIBERTADOR,R03,IMPAGA,46.0,42.0,/content/Urban_Flow-Villalba_Ezequiel/urban_flow/data/raw/imgs/urban_flow_plates/7f56adf4b9306ac9_patente.jpg,5777770,100.0
2345,81ZFJD,2022-08-13,19:39,69.0,40,AV SIEMPRE VIVA,,ERROR,29.0,27.0,/content/Urban_Flow-Villalba_Ezequiel/urban_flow/data/raw/imgs/urban_flow_plates/02a6ef3d9bd68e91_patente.jpg,81ZFD,90.91
2347,5777770,2022-11-04,00:00,129.0,60,RUTA 9,R03,PAGADA,69.0,66.0,/content/Urban_Flow-Villalba_Ezequiel/urban_flow/data/raw/imgs/urban_flow_plates/7f56adf4b9306ac9_patente.jpg,5777770,100.0
2350,FVIOUHP,2021-12-25,00:00,50.0,40,AV SIEMPRE VIVA,R01,APELADA,10.0,8.0,/content/Urban_Flow-Villalba_Ezequiel/urban_flow/data/raw/imgs/urban_flow_plates/28e26a4eb646c67a_patente.jpg,FVIDUHP,85.71
2358,XIIUME,2020-06-15,19:40,114.0,40,RUTA 9,R01,PAGADA,74.0,72.0,/content/Urban_Flow-Villalba_Ezequiel/urban_flow/data/raw/imgs/urban_flow_plates/64de505bd2bac82b_patente.jpg,XIIUME,100.0
2369,691XC80,2023-04-22,19:40,107.0,60,AV SIEMPRE VIVA,R01,ERROR,47.0,44.0,/content/Urban_Flow-Villalba_Ezequiel/urban_flow/data/raw/imgs/urban_flow_plates/5a122adbb1a776b7_patente.jpg,691XC80,100.0
2372,MPX9357,2024-01-02,15:25,128.0,80,RUTA 9,,PAGADA,48.0,44.0,/content/Urban_Flow-Villalba_Ezequiel/urban_flow/data/raw/imgs/urban_flow_plates/182268e1f8c6525f_patente.jpg,MPX9357,100.0
2374,W326AVE,2021-11-23,09:37,80.0,40,RUTA 9,R03,ERROR,40.0,38.0,/content/Urban_Flow-Villalba_Ezequiel/urban_flow/data/raw/imgs/urban_flow_plates/6c144e47161867c2_patente.jpg,W326AVE,100.0
2377,BHRP770,2020-07-28,19:41,148.0,80,AV SIEMPRE VIVA,,PAGADA,68.0,64.0,/content/Urban_Flow-Villalba_Ezequiel/urban_flow/data/raw/imgs/urban_flow_plates/321ffb38656f7311_patente.jpg,BHRP770,100.0
2382,BP717,1932-01-01,00:00,112.0,40,AV SIEMPRE VIVA,R01,APELADA,72.0,70.0,/content/Urban_Flow-Villalba_Ezequiel/urban_flow/data/raw/imgs/urban_flow_plates/e1120bfe48f85c1b_patente.jpg,BP717,100.0
2383,691XC80,2023-05-19,00:00,67.0,60,AV LIBERTADOR,R01,APELADA,7.0,4.0,/content/Urban_Flow-Villalba_Ezequiel/urban_flow/data/raw/imgs/urban_flow_plates/5a122adbb1a776b7_patente.jpg,691XC80,100.0
2384,3646HBH,1932-01-01,00:00,68.0,40,AV LIBERTADOR,R01,IMPAGA,28.0,26.0,/content/Urban_Flow-Villalba_Ezequiel/urban_flow/data/raw/imgs/urban_flow_plates/d3729058c6a4186e_patente.jpg,3646HBH,100.0
2391,AI7OVF,2023-09-28,15:25,140.0,60,RUTA 9,R02,PAGADA,80.0,77.0,/content/Urban_Flow-Villalba_Ezequiel/urban_flow/data/raw/imgs/urban_flow_plates/747b0f12f54703ee_patente.jpg,AI70VF,83.33
2393,BHRP770,2020-12-08,09:38,61.0,40,AV SIEMPRE VIVA,R03,IMPAGA,21.0,19.0,/content/Urban_Flow-Villalba_Ezequiel/urban_flow/data/raw/imgs/urban_flow_plates/321ffb38656f7311_patente.jpg,BHRP770,100.0
2394,MVU4688,2020-06-21,19:42,68.0,60,AV LIBERTADOR,R03,ERROR,8.0,5.0,/content/Urban_Flow-Villalba_Ezequiel/urban_flow/data/raw/imgs/urban_flow_plates/3feecc5809a29627_patente.jpg,MVU4688,100.0
2395,XIIUME,2020-06-09,15:25,117.0,60,RUTA 9,R02,ERROR,57.0,54.0,/content/Urban_Flow-Villalba_Ezequiel/urban_flow/data/raw/imgs/urban_flow_plates/64de505bd2bac82b_patente.jpg,XIIUME,100.0
2396,M431ZW,2021-11-29,19:42,157.0,80,AV SIEMPRE VIVA,R01,ERROR,77.0,73.0,/content/Urban_Flow-Villalba_Ezequiel/urban_flow/data/raw/imgs/urban_flow_plates/299f0363ae21d1c3_patente.jpg,M431ZM,83.33
2397,M431ZW,2023-05-02,15:26,118.0,80,AV LIBERTADOR,R02,IMPAGA,38.0,34.0,/content/Urban_Flow-Villalba_Ezequiel/urban_flow/data/raw/imgs/urban_flow_plates/299f0363ae21d1c3_patente.jpg,M431ZM,83.33
2419,HK06YMX,2022-02-17,10:39,100.0,80,AV LIBERTADOR,R01,PAGADA,20.0,16.0,/content/Urban_Flow-Villalba_Ezequiel/urban_flow/data/raw/imgs/urban_flow_plates/9a4fe6361597f264_patente.jpg,HKO6YMX,85.71
2434,HF3461,2020-04-16,00:00,57.0,40,RUTA 9,R01,APELADA,17.0,15.0,/content/Urban_Flow-Villalba_Ezequiel/urban_flow/data/raw/imgs/urban_flow_plates/a6e3b0b73220cd32_patente.jpg,HF3461,100.0
2436,BHRP770,2021-10-13,00:00,49.0,40,AV LIBERTADOR,R02,ERROR,9.0,7.0,/content/Urban_Flow-Villalba_Ezequiel/urban_flow/data/raw/imgs/urban_flow_plates/321ffb38656f7311_patente.jpg,BHRP770,100.0
2437,6611172,2022-04-23,15:27,50.0,40,AV SIEMPRE VIVA,R03,IMPAGA,10.0,8.0,/content/Urban_Flow-Villalba_Ezequiel/urban_flow/data/raw/imgs/urban_flow_plates/7a1f9520c7ecd5b1_patente.jpg,6611172,100.0
2438,GCP332,2022-04-10,09:40,96.0,60,AV LIBERTADOR,R03,ERROR,36.0,33.0,/content/Urban_Flow-Villalba_Ezequiel/urban_flow/data/raw/imgs/urban_flow_plates/d648b2ae1abc09f3_patente.jpg,G0GCP332,85.71
2442,3646HBH,2020-11-24,15:27,120.0,40,AV LIBERTADOR,,PAGADA,80.0,78.0,/content/Urban_Flow-Villalba_Ezequiel/urban_flow/data/raw/imgs/urban_flow_plates/d3729058c6a4186e_patente.jpg,3646HBH,100.0
2444,VNK296GP,1932-01-01,09:40,130.0,80,RUTA 9,R03,PAGADA,50.0,46.0,/content/Urban_Flow-Villalba_Ezequiel/urban_flow/data/raw/imgs/urban_flow_plates/16789af24af158d8_patente.jp2,NK226GP,80.0
2465,MPX9357,2021-09-14,09:42,106.0,40,AV LIBERTADOR,R01,IMPAGA,66.0,64.0,/content/Urban_Flow-Villalba_Ezequiel/urban_flow/data/raw/imgs/urban_flow_plates/182268e1f8c6525f_patente.jpg,MPX9357,100.0
2466,MVU4688,2023-08-25,00:00,87.0,80,RUTA 9,R01,PAGADA,7.0,3.0,/content/Urban_Flow-Villalba_Ezequiel/urban_flow/data/raw/imgs/urban_flow_plates/3feecc5809a29627_patente.jpg,MVU4688,100.0
2469,MVU4688,2022-10-13,00:00,106.0,40,RUTA 9,R03,PAGADA,66.0,64.0,/content/Urban_Flow-Villalba_Ezequiel/urban_flow/data/raw/imgs/urban_flow_plates/3feecc5809a29627_patente.jpg,MVU4688,100.0
2472,GOOGLE,1932-01-01,10:41,107.0,40,AV LIBERTADOR,R02,APELADA,67.0,65.0,/content/Urban_Flow-Villalba_Ezequiel/urban_flow/data/raw/imgs/urban_flow_plates/593e594137f374ab.jpg,SGOOGLE,92.31
2476,5777770,2021-06-11,19:46,94.0,40,AV SIEMPRE VIVA,R01,APELADA,54.0,52.0,/content/Urban_Flow-Villalba_Ezequiel/urban_flow/data/raw/imgs/urban_flow_plates/7f56adf4b9306ac9_patente.jpg,5777770,100.0
2480,BP717,1932-01-01,09:42,125.0,60,RUTA 9,R03,IMPAGA,65.0,62.0,/content/Urban_Flow-Villalba_Ezequiel/urban_flow/data/raw/imgs/urban_flow_plates/e1120bfe48f85c1b_patente.jpg,BP717,100.0
2481,FVIOUHP,2021-12-15,00:00,85.0,40,AV SIEMPRE VIVA,,PAGADA,45.0,43.0,/content/Urban_Flow-Villalba_Ezequiel/urban_flow/data/raw/imgs/urban_flow_plates/28e26a4eb646c67a_patente.jpg,FVIDUHP,85.71
2483,5777770,2024-02-04,10:42,95.0,40,RUTA 9,R03,ERROR,55.0,53.0,/content/Urban_Flow-Villalba_Ezequiel/urban_flow/data/raw/imgs/urban_flow_plates/7f56adf4b9306ac9_patente.jpg,5777770,100.0
2485,HF58HXP,1932-01-01,15:29,86.0,60,RUTA 9,R01,ERROR,26.0,23.0,/content/Urban_Flow-Villalba_Ezequiel/urban_flow/data/raw/imgs/urban_flow_plates/9a795bbf4e94d630_patente.jpg,HF5BHXP,85.71
2490,J1S1,2021-09-19,19:47,66.0,60,AV LIBERTADOR,,IMPAGA,6.0,3.0,/content/Urban_Flow-Villalba_Ezequiel/urban_flow/data/raw/imgs/urban_flow_plates/e82f13b4a2fe69f3_patente_1.jpg,J1S1,100.0
2492,BB8986,1932-01-01,19:47,115.0,40,RUTA 9,R01,ERROR,75.0,73.0,/content/Urban_Flow-Villalba_Ezequiel/urban_flow/data/raw/imgs/urban_flow_plates/7cbc7ee444622a66_patente.jpg,BB8986,100.0
2502,81ZFJD,2023-08-30,10:42,85.0,80,AV LIBERTADOR,,APELADA,5.0,1.0,/content/Urban_Flow-Villalba_Ezequiel/urban_flow/data/raw/imgs/urban_flow_plates/02a6ef3d9bd68e91_patente.jpg,81ZFD,90.91
2504,691XC80,2022-09-07,09:43,114.0,40,RUTA 9,R01,IMPAGA,74.0,72.0,/content/Urban_Flow-Villalba_Ezequiel/urban_flow/data/raw/imgs/urban_flow_plates/5a122adbb1a776b7_patente.jpg,691XC80,100.0
2505,BM351,2020-11-10,09:43,132.0,80,AV SIEMPRE VIVA,,PAGADA,52.0,48.0,/content/Urban_Flow-Villalba_Ezequiel/urban_flow/data/raw/imgs/urban_flow_plates/9995dfc6e0eae5a1_patente.jpg,BM351,100.0
2512,AI7OVF,2022-02-22,10:43,81.0,40,AV LIBERTADOR,R03,IMPAGA,41.0,39.0,/content/Urban_Flow-Villalba_Ezequiel/urban_flow/data/raw/imgs/urban_flow_plates/747b0f12f54703ee_patente.jpg,AI70VF,83.33
2516,J1S1,1932-01-01,15:29,102.0,40,AV SIEMPRE VIVA,R03,IMPAGA,62.0,60.0,/content/Urban_Flow-Villalba_Ezequiel/urban_flow/data/raw/imgs/urban_flow_plates/e82f13b4a2fe69f3_patente_1.jpg,J1S1,100.0
2518,HK06YMX,1932-01-01,15:29,49.0,40,AV SIEMPRE VIVA,R03,APELADA,9.0,7.0,/content/Urban_Flow-Villalba_Ezequiel/urban_flow/data/raw/imgs/urban_flow_plates/9a4fe6361597f264_patente.jpg,HKO6YMX,85.71
2520,AI7OVF,2021-03-09,09:44,112.0,40,AV SIEMPRE VIVA,R02,PAGADA,72.0,70.0,/content/Urban_Flow-Villalba_Ezequiel/urban_flow/data/raw/imgs/urban_flow_plates/747b0f12f54703ee_patente.jpg,AI70VF,83.33
2523,UM96201,2021-08-19,09:44,64.0,40,RUTA 9,R03,APELADA,24.0,22.0,/content/Urban_Flow-Villalba_Ezequiel/urban_flow/data/raw/imgs/urban_flow_plates/09453a7c716a9ef3_patente.jpg,UM96201,100.0
2530,UM96201,2023-09-23,10:43,123.0,80,AV LIBERTADOR,R02,APELADA,43.0,39.0,/content/Urban_Flow-Villalba_Ezequiel/urban_flow/data/raw/imgs/urban_flow_plates/09453a7c716a9ef3_patente.jpg,UM96201,100.0
2540,AI7OVF,1932-01-01,15:30,67.0,40,AV LIBERTADOR,R03,APELADA,27.0,25.0,/content/Urban_Flow-Villalba_Ezequiel/urban_flow/data/raw/imgs/urban_flow_plates/747b0f12f54703ee_patente.jpg,AI70VF,83.33
2541,81ZFJD,1932-01-01,10:44,127.0,60,RUTA 9,R01,IMPAGA,67.0,64.0,/content/Urban_Flow-Villalba_Ezequiel/urban_flow/data/raw/imgs/urban_flow_plates/02a6ef3d9bd68e91_patente.jpg,81ZFD,90.91
2543,XIIUME,2021-07-05,10:44,106.0,80,AV SIEMPRE VIVA,R01,IMPAGA,26.0,22.0,/content/Urban_Flow-Villalba_Ezequiel/urban_flow/data/raw/imgs/urban_flow_plates/64de505bd2bac82b_patente.jpg,XIIUME,100.0
2546,BHRP770,2020-08-30,09:45,91.0,80,AV SIEMPRE VIVA,,IMPAGA,11.0,7.0,/content/Urban_Flow-Villalba_Ezequiel/urban_flow/data/raw/imgs/urban_flow_plates/321ffb38656f7311_patente.jpg,BHRP770,100.0
2556,CT5B876,1932-01-01,00:00,150.0,80,AV LIBERTADOR,R03,IMPAGA,70.0,66.0,/content/Urban_Flow-Villalba_Ezequiel/urban_flow/data/raw/imgs/urban_flow_plates/39c193bcc0c00f9e_patente.jpg,C75B876,85.71
2560,691XC80,1932-01-01,15:31,115.0,60,AV LIBERTADOR,R01,PAGADA,55.0,52.0,/content/Urban_Flow-Villalba_Ezequiel/urban_flow/data/raw/imgs/urban_flow_plates/5a122adbb1a776b7_patente.jpg,691XC80,100.0
2562,81ZFJD,2020-08-14,15:31,89.0,80,RUTA 9,R01,PAGADA,9.0,5.0,/content/Urban_Flow-Villalba_Ezequiel/urban_flow/data/raw/imgs/urban_flow_plates/02a6ef3d9bd68e91_patente.jpg,81ZFD,90.91
2563,BHRP770,2022-02-27,09:46,118.0,40,AV SIEMPRE VIVA,R03,ERROR,78.0,76.0,/content/Urban_Flow-Villalba_Ezequiel/urban_flow/data/raw/imgs/urban_flow_plates/321ffb38656f7311_patente.jpg,BHRP770,100.0
2565,2999961,1932-01-01,00:00,128.0,60,AV SIEMPRE VIVA,R02,ERROR,68.0,65.0,/content/Urban_Flow-Villalba_Ezequiel/urban_flow/data/raw/imgs/urban_flow_plates/5ff91ccfc6f15d04_patente.jpg,2999961,100.0
2566,HF3461,1932-01-01,15:31,118.0,80,RUTA 9,R02,APELADA,38.0,34.0,/content/Urban_Flow-Villalba_Ezequiel/urban_flow/data/raw/imgs/urban_flow_plates/a6e3b0b73220cd32_patente.jpg,HF3461,100.0
2567,FD1475,2022-11-15,09:46,110.0,60,AV SIEMPRE VIVA,R02,PAGADA,50.0,47.0,/content/Urban_Flow-Villalba_Ezequiel/urban_flow/data/raw/imgs/urban_flow_plates/d8daed582e6cce2d_patente.jpg,FD147,90.91
2569,BHRP770,1932-01-01,09:46,90.0,40,AV SIEMPRE VIVA,R02,PAGADA,50.0,48.0,/content/Urban_Flow-Villalba_Ezequiel/urban_flow/data/raw/imgs/urban_flow_plates/321ffb38656f7311_patente.jpg,BHRP770,100.0
2578,HF58HXP,2022-09-29,10:45,134.0,60,AV LIBERTADOR,R02,APELADA,74.0,71.0,/content/Urban_Flow-Villalba_Ezequiel/urban_flow/data/raw/imgs/urban_flow_plates/9a795bbf4e94d630_patente.jpg,HF5BHXP,85.71
2584,6611172,2023-11-14,00:00,112.0,80,RUTA 9,R02,PAGADA,32.0,28.0,/content/Urban_Flow-Villalba_Ezequiel/urban_flow/data/raw/imgs/urban_flow_plates/7a1f9520c7ecd5b1_patente.jpg,6611172,100.0
2586,FD1475,2020-06-04,09:47,159.0,80,RUTA 9,,ERROR,79.0,75.0,/content/Urban_Flow-Villalba_Ezequiel/urban_flow/data/raw/imgs/urban_flow_plates/d8daed582e6cce2d_patente.jpg,FD147,90.91
2596,BM351,2021-10-12,00:00,108.0,80,RUTA 9,R01,APELADA,28.0,24.0,/content/Urban_Flow-Villalba_Ezequiel/urban_flow/data/raw/imgs/urban_flow_plates/9995dfc6e0eae5a1_patente.jpg,BM351,100.0
2597,6611172,2021-09-04,09:47,112.0,60,RUTA 9,,APELADA,52.0,49.0,/content/Urban_Flow-Villalba_Ezequiel/urban_flow/data/raw/imgs/urban_flow_plates/7a1f9520c7ecd5b1_patente.jpg,6611172,100.0
2600,HF3461,1932-01-01,10:46,127.0,80,RUTA 9,R03,APELADA,47.0,43.0,/content/Urban_Flow-Villalba_Ezequiel/urban_flow/data/raw/imgs/urban_flow_plates/a6e3b0b73220cd32_patente.jpg,HF3461,100.0
2607,BB8986,2022-05-25,10:46,127.0,80,AV LIBERTADOR,R03,ERROR,47.0,43.0,/content/Urban_Flow-Villalba_Ezequiel/urban_flow/data/raw/imgs/urban_flow_plates/7cbc7ee444622a66_patente.jpg,BB8986,100.0
2608,3646HBH,2020-12-07,19:51,69.0,60,AV LIBERTADOR,R02,APELADA,9.0,6.0,/content/Urban_Flow-Villalba_Ezequiel/urban_flow/data/raw/imgs/urban_flow_plates/d3729058c6a4186e_patente.jpg,3646HBH,100.0
2619,81ZFJD,2020-03-06,10:47,129.0,60,AV SIEMPRE VIVA,R01,APELADA,69.0,66.0,/content/Urban_Flow-Villalba_Ezequiel/urban_flow/data/raw/imgs/urban_flow_plates/02a6ef3d9bd68e91_patente.jpg,81ZFD,90.91
2620,W326AVE,2022-11-09,00:00,101.0,40,AV LIBERTADOR,,IMPAGA,61.0,59.0,/content/Urban_Flow-Villalba_Ezequiel/urban_flow/data/raw/imgs/urban_flow_plates/6c144e47161867c2_patente.jpg,W326AVE,100.0
2634,HF58HXP,2023-12-30,19:52,97.0,40,AV SIEMPRE VIVA,R02,PAGADA,57.0,55.0,/content/Urban_Flow-Villalba_Ezequiel/urban_flow/data/raw/imgs/urban_flow_plates/9a795bbf4e94d630_patente.jpg,HF5BHXP,85.71
2637,VY90540,1932-01-01,09:49,55.0,40,AV LIBERTADOR,R02,APELADA,15.0,13.0,/content/Urban_Flow-Villalba_Ezequiel/urban_flow/data/raw/imgs/urban_flow_plates/288a95c01e43cd14_patente.jpg,VY90540,100.0
2639,5777770,2021-09-08,10:48,78.0,40,AV LIBERTADOR,R03,IMPAGA,38.0,36.0,/content/Urban_Flow-Villalba_Ezequiel/urban_flow/data/raw/imgs/urban_flow_plates/7f56adf4b9306ac9_patente.jpg,5777770,100.0
2641,J1S1,1932-01-01,19:53,147.0,80,RUTA 9,R03,IMPAGA,67.0,63.0,/content/Urban_Flow-Villalba_Ezequiel/urban_flow/data/raw/imgs/urban_flow_plates/e82f13b4a2fe69f3_patente_1.jpg,J1S1,100.0
2648,M431ZW,1932-01-01,15:33,89.0,80,RUTA 9,R01,ERROR,9.0,5.0,/content/Urban_Flow-Villalba_Ezequiel/urban_flow/data/raw/imgs/urban_flow_plates/299f0363ae21d1c3_patente.jpg,M431ZM,83.33
2671,MPX9357,1932-01-01,10:49,86.0,40,AV LIBERTADOR,R03,APELADA,46.0,44.0,/content/Urban_Flow-Villalba_Ezequiel/urban_flow/data/raw/imgs/urban_flow_plates/182268e1f8c6525f_patente.jpg,MPX9357,100.0
2674,HF3461,2022-08-16,00:00,62.0,40,AV SIEMPRE VIVA,R03,ERROR,22.0,20.0,/content/Urban_Flow-Villalba_Ezequiel/urban_flow/data/raw/imgs/urban_flow_plates/a6e3b0b73220cd32_patente.jpg,HF3461,100.0
2679,AI7OVF,1932-01-01,00:00,111.0,80,AV LIBERTADOR,R03,ERROR,31.0,27.0,/content/Urban_Flow-Villalba_Ezequiel/urban_flow/data/raw/imgs/urban_flow_plates/747b0f12f54703ee_patente.jpg,AI70VF,83.33
2686,VNK296GP,2023-02-26,10:50,89.0,80,RUTA 9,,APELADA,9.0,5.0,/content/Urban_Flow-Villalba_Ezequiel/urban_flow/data/raw/imgs/urban_flow_plates/16789af24af158d8_patente.jp2,NK226GP,80.0
2688,J1S1,2023-09-21,09:50,93.0,60,AV SIEMPRE VIVA,,IMPAGA,33.0,30.0,/content/Urban_Flow-Villalba_Ezequiel/urban_flow/data/raw/imgs/urban_flow_plates/e82f13b4a2fe69f3_patente_1.jpg,J1S1,100.0
2697,VY90540,1932-01-01,09:51,74.0,60,AV SIEMPRE VIVA,R02,APELADA,14.0,11.0,/content/Urban_Flow-Villalba_Ezequiel/urban_flow/data/raw/imgs/urban_flow_plates/288a95c01e43cd14_patente.jpg,VY90540,100.0
2705,W326AVE,2023-01-01,15:35,122.0,80,AV LIBERTADOR,R02,ERROR,42.0,38.0,/content/Urban_Flow-Villalba_Ezequiel/urban_flow/data/raw/imgs/urban_flow_plates/6c144e47161867c2_patente.jpg,W326AVE,100.0
2706,691XC80,1932-01-01,09:51,121.0,80,AV LIBERTADOR,R02,APELADA,41.0,37.0,/content/Urban_Flow-Villalba_Ezequiel/urban_flow/data/raw/imgs/urban_flow_plates/5a122adbb1a776b7_patente.jpg,691XC80,100.0
2714,MPX9357,2023-09-01,09:52,79.0,40,AV LIBERTADOR,R01,ERROR,39.0,37.0,/content/Urban_Flow-Villalba_Ezequiel/urban_flow/data/raw/imgs/urban_flow_plates/182268e1f8c6525f_patente.jpg,MPX9357,100.0
2716,HF3461,2023-03-19,19:57,142.0,80,AV LIBERTADOR,R03,ERROR,62.0,58.0,/content/Urban_Flow-Villalba_Ezequiel/urban_flow/data/raw/imgs/urban_flow_plates/a6e3b0b73220cd32_patente.jpg,HF3461,100.0
2724,FD1475,1932-01-01,10:51,59.0,40,RUTA 9,R03,IMPAGA,19.0,17.0,/content/Urban_Flow-Villalba_Ezequiel/urban_flow/data/raw/imgs/urban_flow_plates/d8daed582e6cce2d_patente.jpg,FD147,90.91
2726,GOOGLE,2021-10-15,15:35,145.0,80,AV LIBERTADOR,,APELADA,65.0,61.0,/content/Urban_Flow-Villalba_Ezequiel/urban_flow/data/raw/imgs/urban_flow_plates/593e594137f374ab.jpg,SGOOGLE,92.31
2729,UM96201,2022-11-08,00:00,102.0,40,RUTA 9,,IMPAGA,62.0,60.0,/content/Urban_Flow-Villalba_Ezequiel/urban_flow/data/raw/imgs/urban_flow_plates/09453a7c716a9ef3_patente.jpg,UM96201,100.0
2733,BM351,1932-01-01,09:53,80.0,40,AV LIBERTADOR,R02,PAGADA,40.0,38.0,/content/Urban_Flow-Villalba_Ezequiel/urban_flow/data/raw/imgs/urban_flow_plates/9995dfc6e0eae5a1_patente.jpg,BM351,100.0
2738,HK06YMX,1932-01-01,15:36,119.0,40,RUTA 9,R03,APELADA,79.0,77.0,/content/Urban_Flow-Villalba_Ezequiel/urban_flow/data/raw/imgs/urban_flow_plates/9a4fe6361597f264_patente.jpg,HKO6YMX,85.71
2740,AI7OVF,2023-09-04,15:36,133.0,60,AV LIBERTADOR,,ERROR,73.0,70.0,/content/Urban_Flow-Villalba_Ezequiel/urban_flow/data/raw/imgs/urban_flow_plates/747b0f12f54703ee_patente.jpg,AI70VF,83.33
2743,J1S1,2022-06-05,15:37,108.0,40,AV LIBERTADOR,,ERROR,68.0,66.0,/content/Urban_Flow-Villalba_Ezequiel/urban_flow/data/raw/imgs/urban_flow_plates/e82f13b4a2fe69f3_patente_1.jpg,J1S1,100.0
2745,3646HBH,1932-01-01,00:00,77.0,40,AV SIEMPRE VIVA,R03,APELADA,37.0,35.0,/content/Urban_Flow-Villalba_Ezequiel/urban_flow/data/raw/imgs/urban_flow_plates/d3729058c6a4186e_patente.jpg,3646HBH,100.0
2750,M431ZW,2021-02-06,10:52,75.0,60,AV SIEMPRE VIVA,,IMPAGA,15.0,12.0,/content/Urban_Flow-Villalba_Ezequiel/urban_flow/data/raw/imgs/urban_flow_plates/299f0363ae21d1c3_patente.jpg,M431ZM,83.33
2753,HF58HXP,2021-07-27,15:37,103.0,40,RUTA 9,,ERROR,63.0,61.0,/content/Urban_Flow-Villalba_Ezequiel/urban_flow/data/raw/imgs/urban_flow_plates/9a795bbf4e94d630_patente.jpg,HF5BHXP,85.71
2755,UM96201,2020-04-20,09:54,67.0,40,AV LIBERTADOR,R02,IMPAGA,27.0,25.0,/content/Urban_Flow-Villalba_Ezequiel/urban_flow/data/raw/imgs/urban_flow_plates/09453a7c716a9ef3_patente.jpg,UM96201,100.0
2756,BB8986,2024-01-01,15:37,104.0,40,AV LIBERTADOR,R03,PAGADA,64.0,62.0,/content/Urban_Flow-Villalba_Ezequiel/urban_flow/data/raw/imgs/urban_flow_plates/7cbc7ee444622a66_patente.jpg,BB8986,100.0
2757,FVIOUHP,2023-10-23,15:37,109.0,40,AV LIBERTADOR,R02,APELADA,69.0,67.0,/content/Urban_Flow-Villalba_Ezequiel/urban_flow/data/raw/imgs/urban_flow_plates/28e26a4eb646c67a_patente.jpg,FVIDUHP,85.71
2760,BB8986,2020-02-27,10:52,66.0,40,RUTA 9,,IMPAGA,26.0,24.0,/content/Urban_Flow-Villalba_Ezequiel/urban_flow/data/raw/imgs/urban_flow_plates/7cbc7ee444622a66_patente.jpg,BB8986,100.0
2764,BP717,2023-07-26,10:53,103.0,60,AV LIBERTADOR,R03,IMPAGA,43.0,40.0,/content/Urban_Flow-Villalba_Ezequiel/urban_flow/data/raw/imgs/urban_flow_plates/e1120bfe48f85c1b_patente.jpg,BP717,100.0
2765,589222,2022-09-09,15:38,112.0,80,RUTA 9,R01,IMPAGA,32.0,28.0,/content/Urban_Flow-Villalba_Ezequiel/urban_flow/data/raw/imgs/urban_flow_plates/246a0e4264a39433_patente.jpg,589222,100.0
2769,HF3461,2021-10-01,00:00,102.0,80,AV LIBERTADOR,R03,IMPAGA,22.0,18.0,/content/Urban_Flow-Villalba_Ezequiel/urban_flow/data/raw/imgs/urban_flow_plates/a6e3b0b73220cd32_patente.jpg,HF3461,100.0
2782,BB8986,1932-01-01,19:59,78.0,60,AV LIBERTADOR,,ERROR,18.0,15.0,/content/Urban_Flow-Villalba_Ezequiel/urban_flow/data/raw/imgs/urban_flow_plates/7cbc7ee444622a66_patente.jpg,BB8986,100.0
2785,J1S1,2021-09-01,15:38,86.0,60,AV LIBERTADOR,,PAGADA,26.0,23.0,/content/Urban_Flow-Villalba_Ezequiel/urban_flow/data/raw/imgs/urban_flow_plates/e82f13b4a2fe69f3_patente_1.jpg,J1S1,100.0
2786,UM96201,2021-02-02,09:54,99.0,40,AV LIBERTADOR,R03,APELADA,59.0,57.0,/content/Urban_Flow-Villalba_Ezequiel/urban_flow/data/raw/imgs/urban_flow_plates/09453a7c716a9ef3_patente.jpg,UM96201,100.0
2790,CT5B876,2023-10-26,19:59,116.0,60,AV SIEMPRE VIVA,R02,ERROR,56.0,53.0,/content/Urban_Flow-Villalba_Ezequiel/urban_flow/data/raw/imgs/urban_flow_plates/39c193bcc0c00f9e_patente.jpg,C75B876,85.71
2796,MPX9357,2020-10-21,15:39,116.0,60,AV LIBERTADOR,R03,PAGADA,56.0,53.0,/content/Urban_Flow-Villalba_Ezequiel/urban_flow/data/raw/imgs/urban_flow_plates/182268e1f8c6525f_patente.jpg,MPX9357,100.0
2797,BP717,2020-07-02,15:39,92.0,40,AV SIEMPRE VIVA,,IMPAGA,52.0,50.0,/content/Urban_Flow-Villalba_Ezequiel/urban_flow/data/raw/imgs/urban_flow_plates/e1120bfe48f85c1b_patente.jpg,BP717,100.0
2806,GOOGLE,1932-01-01,09:55,104.0,40,AV LIBERTADOR,,PAGADA,64.0,62.0,/content/Urban_Flow-Villalba_Ezequiel/urban_flow/data/raw/imgs/urban_flow_plates/593e594137f374ab.jpg,SGOOGLE,92.31
2820,XIIUME,2020-12-10,20:01,67.0,40,RUTA 9,R02,APELADA,27.0,25.0,/content/Urban_Flow-Villalba_Ezequiel/urban_flow/data/raw/imgs/urban_flow_plates/64de505bd2bac82b_patente.jpg,XIIUME,100.0
2821,BB8986,1932-01-01,00:00,62.0,40,AV LIBERTADOR,R02,IMPAGA,22.0,20.0,/content/Urban_Flow-Villalba_Ezequiel/urban_flow/data/raw/imgs/urban_flow_plates/7cbc7ee444622a66_patente.jpg,BB8986,100.0
2825,81ZFJD,1932-01-01,10:54,62.0,40,AV LIBERTADOR,,IMPAGA,22.0,20.0,/content/Urban_Flow-Villalba_Ezequiel/urban_flow/data/raw/imgs/urban_flow_plates/02a6ef3d9bd68e91_patente.jpg,81ZFD,90.91
2826,W326AVE,2024-01-06,10:55,138.0,80,AV SIEMPRE VIVA,,PAGADA,58.0,54.0,/content/Urban_Flow-Villalba_Ezequiel/urban_flow/data/raw/imgs/urban_flow_plates/6c144e47161867c2_patente.jpg,W326AVE,100.0
2827,5777770,2022-08-26,00:00,146.0,80,AV SIEMPRE VIVA,,PAGADA,66.0,62.0,/content/Urban_Flow-Villalba_Ezequiel/urban_flow/data/raw/imgs/urban_flow_plates/7f56adf4b9306ac9_patente.jpg,5777770,100.0
2837,W326AVE,1932-01-01,00:00,151.0,80,AV LIBERTADOR,R01,PAGADA,71.0,67.0,/content/Urban_Flow-Villalba_Ezequiel/urban_flow/data/raw/imgs/urban_flow_plates/6c144e47161867c2_patente.jpg,W326AVE,100.0
2848,VNK296GP,2020-09-05,15:40,125.0,60,AV LIBERTADOR,R01,IMPAGA,65.0,62.0,/content/Urban_Flow-Villalba_Ezequiel/urban_flow/data/raw/imgs/urban_flow_plates/16789af24af158d8_patente.jp2,NK226GP,80.0
2853,MVU4688,1932-01-01,00:00,109.0,40,AV SIEMPRE VIVA,R02,PAGADA,69.0,67.0,/content/Urban_Flow-Villalba_Ezequiel/urban_flow/data/raw/imgs/urban_flow_plates/3feecc5809a29627_patente.jpg,MVU4688,100.0
2854,UM96201,2023-11-05,00:00,129.0,80,AV SIEMPRE VIVA,R01,PAGADA,49.0,45.0,/content/Urban_Flow-Villalba_Ezequiel/urban_flow/data/raw/imgs/urban_flow_plates/09453a7c716a9ef3_patente.jpg,UM96201,100.0
2863,XIIUME,2022-11-21,00:00,123.0,80,AV SIEMPRE VIVA,R01,APELADA,43.0,39.0,/content/Urban_Flow-Villalba_Ezequiel/urban_flow/data/raw/imgs/urban_flow_plates/64de505bd2bac82b_patente.jpg,XIIUME,100.0
2870,XIIUME,2020-05-02,00:00,134.0,80,AV LIBERTADOR,R01,IMPAGA,54.0,50.0,/content/Urban_Flow-Villalba_Ezequiel/urban_flow/data/raw/imgs/urban_flow_plates/64de505bd2bac82b_patente.jpg,XIIUME,100.0
2873,M431ZW,1932-01-01,10:57,59.0,40,AV SIEMPRE VIVA,,ERROR,19.0,17.0,/content/Urban_Flow-Villalba_Ezequiel/urban_flow/data/raw/imgs/urban_flow_plates/299f0363ae21d1c3_patente.jpg,M431ZM,83.33
2878,M431ZW,2023-04-26,20:03,70.0,60,AV SIEMPRE VIVA,R02,PAGADA,10.0,7.0,/content/Urban_Flow-Villalba_Ezequiel/urban_flow/data/raw/imgs/urban_flow_plates/299f0363ae21d1c3_patente.jpg,M431ZM,83.33
2879,589222,2024-02-02,10:58,73.0,40,AV LIBERTADOR,,APELADA,33.0,31.0,/content/Urban_Flow-Villalba_Ezequiel/urban_flow/data/raw/imgs/urban_flow_plates/246a0e4264a39433_patente.jpg,589222,100.0
2885,2999961,1932-01-01,10:58,55.0,40,RUTA 9,R03,PAGADA,15.0,13.0,/content/Urban_Flow-Villalba_Ezequiel/urban_flow/data/raw/imgs/urban_flow_plates/5ff91ccfc6f15d04_patente.jpg,2999961,100.0
2887,VY90540,1932-01-01,20:03,118.0,40,RUTA 9,R02,IMPAGA,78.0,76.0,/content/Urban_Flow-Villalba_Ezequiel/urban_flow/data/raw/imgs/urban_flow_plates/288a95c01e43cd14_patente.jpg,VY90540,100.0
2895,5777770,2023-09-30,15:42,85.0,40,AV LIBERTADOR,R03,IMPAGA,45.0,43.0,/content/Urban_Flow-Villalba_Ezequiel/urban_flow/data/raw/imgs/urban_flow_plates/7f56adf4b9306ac9_patente.jpg,5777770,100.0
2908,3646HBH,2022-11-12,10:59,138.0,80,AV SIEMPRE VIVA,R03,APELADA,58.0,54.0,/content/Urban_Flow-Villalba_Ezequiel/urban_flow/data/raw/imgs/urban_flow_plates/d3729058c6a4186e_patente.jpg,3646HBH,100.0
2911,M431ZW,2023-10-10,10:59,68.0,40,AV SIEMPRE VIVA,R01,IMPAGA,28.0,26.0,/content/Urban_Flow-Villalba_Ezequiel/urban_flow/data/raw/imgs/urban_flow_plates/299f0363ae21d1c3_patente.jpg,M431ZM,83.33
2912,FVIOUHP,1932-01-01,10:59,138.0,80,AV LIBERTADOR,R03,IMPAGA,58.0,54.0,/content/Urban_Flow-Villalba_Ezequiel/urban_flow/data/raw/imgs/urban_flow_plates/28e26a4eb646c67a_patente.jpg,FVIDUHP,85.71
2913,CT5B876,2020-08-05,00:00,143.0,80,AV LIBERTADOR,R02,ERROR,63.0,59.0,/content/Urban_Flow-Villalba_Ezequiel/urban_flow/data/raw/imgs/urban_flow_plates/39c193bcc0c00f9e_patente.jpg,C75B876,85.71
2916,BHRP770,1932-01-01,00:00,95.0,40,AV LIBERTADOR,,PAGADA,55.0,53.0,/content/Urban_Flow-Villalba_Ezequiel/urban_flow/data/raw/imgs/urban_flow_plates/321ffb38656f7311_patente.jpg,BHRP770,100.0
2927,589222,2020-11-14,10:01,55.0,40,AV SIEMPRE VIVA,R03,PAGADA,15.0,13.0,/content/Urban_Flow-Villalba_Ezequiel/urban_flow/data/raw/imgs/urban_flow_plates/246a0e4264a39433_patente.jpg,589222,100.0
2934,BB8986,2020-12-11,11:00,96.0,80,AV LIBERTADOR,R02,ERROR,16.0,12.0,/content/Urban_Flow-Villalba_Ezequiel/urban_flow/data/raw/imgs/urban_flow_plates/7cbc7ee444622a66_patente.jpg,BB8986,100.0
2937,81ZFJD,2023-12-17,10:01,87.0,80,AV LIBERTADOR,R01,PAGADA,7.0,3.0,/content/Urban_Flow-Villalba_Ezequiel/urban_flow/data/raw/imgs/urban_flow_plates/02a6ef3d9bd68e91_patente.jpg,81ZFD,90.91
2942,691XC80,2022-03-02,15:44,123.0,60,AV SIEMPRE VIVA,R01,APELADA,63.0,60.0,/content/Urban_Flow-Villalba_Ezequiel/urban_flow/data/raw/imgs/urban_flow_plates/5a122adbb1a776b7_patente.jpg,691XC80,100.0
2945,FD1475,1932-01-01,20:05,107.0,60,AV SIEMPRE VIVA,R03,APELADA,47.0,44.0,/content/Urban_Flow-Villalba_Ezequiel/urban_flow/data/raw/imgs/urban_flow_plates/d8daed582e6cce2d_patente.jpg,FD147,90.91
2957,691XC80,2020-12-05,11:00,135.0,60,AV LIBERTADOR,R02,PAGADA,75.0,72.0,/content/Urban_Flow-Villalba_Ezequiel/urban_flow/data/raw/imgs/urban_flow_plates/5a122adbb1a776b7_patente.jpg,691XC80,100.0
2961,3646HBH,2021-04-03,10:02,127.0,60,AV LIBERTADOR,R03,ERROR,67.0,64.0,/content/Urban_Flow-Villalba_Ezequiel/urban_flow/data/raw/imgs/urban_flow_plates/d3729058c6a4186e_patente.jpg,3646HBH,100.0
2966,BP717,1932-01-01,15:45,112.0,40,AV LIBERTADOR,R03,APELADA,72.0,70.0,/content/Urban_Flow-Villalba_Ezequiel/urban_flow/data/raw/imgs/urban_flow_plates/e1120bfe48f85c1b_patente.jpg,BP717,100.0
2972,W326AVE,2020-07-02,00:00,113.0,60,AV LIBERTADOR,,ERROR,53.0,50.0,/content/Urban_Flow-Villalba_Ezequiel/urban_flow/data/raw/imgs/urban_flow_plates/6c144e47161867c2_patente.jpg,W326AVE,100.0
2973,2999961,1932-01-01,10:02,102.0,80,AV SIEMPRE VIVA,R01,APELADA,22.0,18.0,/content/Urban_Flow-Villalba_Ezequiel/urban_flow/data/raw/imgs/urban_flow_plates/5ff91ccfc6f15d04_patente.jpg,2999961,100.0
2981,XIIUME,2021-07-23,00:00,81.0,60,RUTA 9,R02,IMPAGA,21.0,18.0,/content/Urban_Flow-Villalba_Ezequiel/urban_flow/data/raw/imgs/urban_flow_plates/64de505bd2bac82b_patente.jpg,XIIUME,100.0
2982,HF58HXP,2020-06-24,10:03,97.0,60,AV LIBERTADOR,,PAGADA,37.0,34.0,/content/Urban_Flow-Villalba_Ezequiel/urban_flow/data/raw/imgs/urban_flow_plates/9a795bbf4e94d630_patente.jpg,HF5BHXP,85.71
2983,589222,2020-12-08,00:00,62.0,40,AV SIEMPRE VIVA,R03,APELADA,22.0,20.0,/content/Urban_Flow-Villalba_Ezequiel/urban_flow/data/raw/imgs/urban_flow_plates/246a0e4264a39433_patente.jpg,589222,100.0
2985,J1S1,2021-11-21,00:00,116.0,60,AV SIEMPRE VIVA,R01,IMPAGA,56.0,53.0,/content/Urban_Flow-Villalba_Ezequiel/urban_flow/data/raw/imgs/urban_flow_plates/e82f13b4a2fe69f3_patente_1.jpg,J1S1,100.0
2989,691XC80,2022-10-30,11:01,117.0,60,AV SIEMPRE VIVA,R01,PAGADA,57.0,54.0,/content/Urban_Flow-Villalba_Ezequiel/urban_flow/data/raw/imgs/urban_flow_plates/5a122adbb1a776b7_patente.jpg,691XC80,100.0
2992,J1S1,2022-01-01,10:03,118.0,80,AV LIBERTADOR,R03,ERROR,38.0,34.0,/content/Urban_Flow-Villalba_Ezequiel/urban_flow/data/raw/imgs/urban_flow_plates/e82f13b4a2fe69f3_patente_1.jpg,J1S1,100.0
3008,GCP332,2021-01-11,11:03,116.0,80,RUTA 9,,APELADA,36.0,32.0,/content/Urban_Flow-Villalba_Ezequiel/urban_flow/data/raw/imgs/urban_flow_plates/d648b2ae1abc09f3_patente.jpg,G0GCP332,85.71
3009,BB8986,2022-03-04,00:00,104.0,60,RUTA 9,R03,PAGADA,44.0,41.0,/content/Urban_Flow-Villalba_Ezequiel/urban_flow/data/raw/imgs/urban_flow_plates/7cbc7ee444622a66_patente.jpg,BB8986,100.0
3010,UM96201,1932-01-01,20:08,57.0,40,AV SIEMPRE VIVA,R03,PAGADA,17.0,15.0,/content/Urban_Flow-Villalba_Ezequiel/urban_flow/data/raw/imgs/urban_flow_plates/09453a7c716a9ef3_patente.jpg,UM96201,100.0
3013,FD1475,2020-11-30,11:03,118.0,60,RUTA 9,R02,APELADA,58.0,55.0,/content/Urban_Flow-Villalba_Ezequiel/urban_flow/data/raw/imgs/urban_flow_plates/d8daed582e6cce2d_patente.jpg,FD147,90.91
3017,FD1475,1932-01-01,10:04,109.0,60,RUTA 9,,IMPAGA,49.0,46.0,/content/Urban_Flow-Villalba_Ezequiel/urban_flow/data/raw/imgs/urban_flow_plates/d8daed582e6cce2d_patente.jpg,FD147,90.91
3018,GCP332,2023-02-13,10:04,79.0,60,AV LIBERTADOR,R01,PAGADA,19.0,16.0,/content/Urban_Flow-Villalba_Ezequiel/urban_flow/data/raw/imgs/urban_flow_plates/d648b2ae1abc09f3_patente.jpg,G0GCP332,85.71
3023,5777770,2023-05-14,15:47,75.0,40,AV LIBERTADOR,R03,PAGADA,35.0,33.0,/content/Urban_Flow-Villalba_Ezequiel/urban_flow/data/raw/imgs/urban_flow_plates/7f56adf4b9306ac9_patente.jpg,5777770,100.0
3037,GOOGLE,2023-02-22,20:09,86.0,40,AV LIBERTADOR,R02,IMPAGA,46.0,44.0,/content/Urban_Flow-Villalba_Ezequiel/urban_flow/data/raw/imgs/urban_flow_plates/593e594137f374ab.jpg,SGOOGLE,92.31
3040,BM351,1932-01-01,20:09,111.0,80,RUTA 9,R02,APELADA,31.0,27.0,/content/Urban_Flow-Villalba_Ezequiel/urban_flow/data/raw/imgs/urban_flow_plates/9995dfc6e0eae5a1_patente.jpg,BM351,100.0
3053,MVU4688,2021-03-29,10:05,105.0,60,RUTA 9,R03,PAGADA,45.0,42.0,/content/Urban_Flow-Villalba_Ezequiel/urban_flow/data/raw/imgs/urban_flow_plates/3feecc5809a29627_patente.jpg,MVU4688,100.0
3064,FD1475,2023-09-01,20:10,108.0,80,AV LIBERTADOR,R02,APELADA,28.0,24.0,/content/Urban_Flow-Villalba_Ezequiel/urban_flow/data/raw/imgs/urban_flow_plates/d8daed582e6cce2d_patente.jpg,FD147,90.91
3066,VY90540,2023-12-11,20:10,102.0,40,AV LIBERTADOR,R02,PAGADA,62.0,60.0,/content/Urban_Flow-Villalba_Ezequiel/urban_flow/data/raw/imgs/urban_flow_plates/288a95c01e43cd14_patente.jpg,VY90540,100.0
3073,691XC80,1932-01-01,20:10,120.0,60,AV SIEMPRE VIVA,,ERROR,60.0,57.0,/content/Urban_Flow-Villalba_Ezequiel/urban_flow/data/raw/imgs/urban_flow_plates/5a122adbb1a776b7_patente.jpg,691XC80,100.0
3084,CT5B876,2020-08-08,20:11,85.0,40,AV LIBERTADOR,,APELADA,45.0,43.0,/content/Urban_Flow-Villalba_Ezequiel/urban_flow/data/raw/imgs/urban_flow_plates/39c193bcc0c00f9e_patente.jpg,C75B876,85.71
3091,589222,2023-07-05,00:00,121.0,60,AV LIBERTADOR,,IMPAGA,61.0,58.0,/content/Urban_Flow-Villalba_Ezequiel/urban_flow/data/raw/imgs/urban_flow_plates/246a0e4264a39433_patente.jpg,589222,100.0
3102,BHRP770,2021-04-11,20:12,55.0,40,RUTA 9,,PAGADA,15.0,13.0,/content/Urban_Flow-Villalba_Ezequiel/urban_flow/data/raw/imgs/urban_flow_plates/321ffb38656f7311_patente.jpg,BHRP770,100.0
3104,UM96201,2024-01-28,20:12,90.0,60,AV SIEMPRE VIVA,,APELADA,30.0,27.0,/content/Urban_Flow-Villalba_Ezequiel/urban_flow/data/raw/imgs/urban_flow_plates/09453a7c716a9ef3_patente.jpg,UM96201,100.0
3112,MPX9357,2020-12-01,00:00,69.0,40,AV LIBERTADOR,,ERROR,29.0,27.0,/content/Urban_Flow-Villalba_Ezequiel/urban_flow/data/raw/imgs/urban_flow_plates/182268e1f8c6525f_patente.jpg,MPX9357,100.0
3122,J1S1,1932-01-01,11:06,91.0,60,AV SIEMPRE VIVA,R01,APELADA,31.0,28.0,/content/Urban_Flow-Villalba_Ezequiel/urban_flow/data/raw/imgs/urban_flow_plates/e82f13b4a2fe69f3_patente_1.jpg,J1S1,100.0
3127,MPX9357,2020-01-26,11:07,50.0,40,AV LIBERTADOR,R02,ERROR,10.0,8.0,/content/Urban_Flow-Villalba_Ezequiel/urban_flow/data/raw/imgs/urban_flow_plates/182268e1f8c6525f_patente.jpg,MPX9357,100.0
3139,W326AVE,2021-08-04,15:51,109.0,40,AV LIBERTADOR,,ERROR,69.0,67.0,/content/Urban_Flow-Villalba_Ezequiel/urban_flow/data/raw/imgs/urban_flow_plates/6c144e47161867c2_patente.jpg,W326AVE,100.0
3148,GCP332,1932-01-01,10:08,135.0,80,RUTA 9,R02,ERROR,55.0,51.0,/content/Urban_Flow-Villalba_Ezequiel/urban_flow/data/raw/imgs/urban_flow_plates/d648b2ae1abc09f3_patente.jpg,G0GCP332,85.71
3161,FVIOUHP,2024-01-24,20:13,130.0,80,AV SIEMPRE VIVA,R03,IMPAGA,50.0,46.0,/content/Urban_Flow-Villalba_Ezequiel/urban_flow/data/raw/imgs/urban_flow_plates/28e26a4eb646c67a_patente.jpg,FVIDUHP,85.71
3162,HF3461,2023-02-28,00:00,124.0,60,AV LIBERTADOR,R03,IMPAGA,64.0,61.0,/content/Urban_Flow-Villalba_Ezequiel/urban_flow/data/raw/imgs/urban_flow_plates/a6e3b0b73220cd32_patente.jpg,HF3461,100.0
3166,BP717,2023-11-21,20:14,107.0,80,AV SIEMPRE VIVA,R02,IMPAGA,27.0,23.0,/content/Urban_Flow-Villalba_Ezequiel/urban_flow/data/raw/imgs/urban_flow_plates/e1120bfe48f85c1b_patente.jpg,BP717,100.0
3168,MPX9357,2020-12-19,20:14,43.0,40,RUTA 9,R01,APELADA,3.0,1.0,/content/Urban_Flow-Villalba_Ezequiel/urban_flow/data/raw/imgs/urban_flow_plates/182268e1f8c6525f_patente.jpg,MPX9357,100.0
3169,J1S1,2021-11-23,11:09,85.0,60,AV LIBERTADOR,R03,APELADA,25.0,22.0,/content/Urban_Flow-Villalba_Ezequiel/urban_flow/data/raw/imgs/urban_flow_plates/e82f13b4a2fe69f3_patente_1.jpg,J1S1,100.0
3171,3646HBH,2024-02-03,20:14,131.0,80,AV LIBERTADOR,R01,IMPAGA,51.0,47.0,/content/Urban_Flow-Villalba_Ezequiel/urban_flow/data/raw/imgs/urban_flow_plates/d3729058c6a4186e_patente.jpg,3646HBH,100.0
3181,UM96201,2021-04-22,20:15,123.0,60,RUTA 9,,PAGADA,63.0,60.0,/content/Urban_Flow-Villalba_Ezequiel/urban_flow/data/raw/imgs/urban_flow_plates/09453a7c716a9ef3_patente.jpg,UM96201,100.0
3188,BHRP770,2021-02-09,15:53,116.0,60,AV SIEMPRE VIVA,,APELADA,56.0,53.0,/content/Urban_Flow-Villalba_Ezequiel/urban_flow/data/raw/imgs/urban_flow_plates/321ffb38656f7311_patente.jpg,BHRP770,100.0
3190,691XC80,2020-08-16,11:10,118.0,80,RUTA 9,R03,IMPAGA,38.0,34.0,/content/Urban_Flow-Villalba_Ezequiel/urban_flow/data/raw/imgs/urban_flow_plates/5a122adbb1a776b7_patente.jpg,691XC80,100.0
3194,BP717,1932-01-01,20:15,82.0,40,RUTA 9,R02,ERROR,42.0,40.0,/content/Urban_Flow-Villalba_Ezequiel/urban_flow/data/raw/imgs/urban_flow_plates/e1120bfe48f85c1b_patente.jpg,BP717,100.0
3196,BM351,1932-01-01,11:10,128.0,60,RUTA 9,,IMPAGA,68.0,65.0,/content/Urban_Flow-Villalba_Ezequiel/urban_flow/data/raw/imgs/urban_flow_plates/9995dfc6e0eae5a1_patente.jpg,BM351,100.0
3200,2999961,2023-08-11,00:00,126.0,80,AV LIBERTADOR,,PAGADA,46.0,42.0,/content/Urban_Flow-Villalba_Ezequiel/urban_flow/data/raw/imgs/urban_flow_plates/5ff91ccfc6f15d04_patente.jpg,2999961,100.0
3202,M431ZW,2020-01-03,15:54,120.0,40,AV LIBERTADOR,,APELADA,80.0,78.0,/content/Urban_Flow-Villalba_Ezequiel/urban_flow/data/raw/imgs/urban_flow_plates/299f0363ae21d1c3_patente.jpg,M431ZM,83.33
3217,HK06YMX,1932-01-01,00:00,136.0,60,AV LIBERTADOR,,ERROR,76.0,73.0,/content/Urban_Flow-Villalba_Ezequiel/urban_flow/data/raw/imgs/urban_flow_plates/9a4fe6361597f264_patente.jpg,HKO6YMX,85.71
3221,BB8986,2021-07-23,20:18,81.0,60,AV LIBERTADOR,R02,APELADA,21.0,18.0,/content/Urban_Flow-Villalba_Ezequiel/urban_flow/data/raw/imgs/urban_flow_plates/7cbc7ee444622a66_patente.jpg,BB8986,100.0
3225,M431ZW,2020-06-02,10:10,155.0,80,AV SIEMPRE VIVA,R02,PAGADA,75.0,71.0,/content/Urban_Flow-Villalba_Ezequiel/urban_flow/data/raw/imgs/urban_flow_plates/299f0363ae21d1c3_patente.jpg,M431ZM,83.33
3228,AI7OVF,2021-02-03,20:18,119.0,60,RUTA 9,R02,PAGADA,59.0,56.0,/content/Urban_Flow-Villalba_Ezequiel/urban_flow/data/raw/imgs/urban_flow_plates/747b0f12f54703ee_patente.jpg,AI70VF,83.33
3231,HF3461,2021-06-29,20:18,101.0,40,AV LIBERTADOR,R03,IMPAGA,61.0,59.0,/content/Urban_Flow-Villalba_Ezequiel/urban_flow/data/raw/imgs/urban_flow_plates/a6e3b0b73220cd32_patente.jpg,HF3461,100.0
3233,HK06YMX,2022-09-03,11:11,105.0,40,AV LIBERTADOR,,IMPAGA,65.0,63.0,/content/Urban_Flow-Villalba_Ezequiel/urban_flow/data/raw/imgs/urban_flow_plates/9a4fe6361597f264_patente.jpg,HKO6YMX,85.71
3236,VY90540,2023-08-02,20:19,71.0,60,AV SIEMPRE VIVA,R01,ERROR,11.0,8.0,/content/Urban_Flow-Villalba_Ezequiel/urban_flow/data/raw/imgs/urban_flow_plates/288a95c01e43cd14_patente.jpg,VY90540,100.0
3242,VY90540,2023-01-19,11:12,94.0,40,AV LIBERTADOR,R02,PAGADA,54.0,52.0,/content/Urban_Flow-Villalba_Ezequiel/urban_flow/data/raw/imgs/urban_flow_plates/288a95c01e43cd14_patente.jpg,VY90540,100.0
3243,2999961,2022-02-01,20:19,102.0,80,AV LIBERTADOR,R01,ERROR,22.0,18.0,/content/Urban_Flow-Villalba_Ezequiel/urban_flow/data/raw/imgs/urban_flow_plates/5ff91ccfc6f15d04_patente.jpg,2999961,100.0
3251,CT5B876,2021-12-27,00:00,120.0,80,AV LIBERTADOR,R03,APELADA,40.0,36.0,/content/Urban_Flow-Villalba_Ezequiel/urban_flow/data/raw/imgs/urban_flow_plates/39c193bcc0c00f9e_patente.jpg,C75B876,85.71
3259,FVIOUHP,2023-11-15,10:12,159.0,80,AV SIEMPRE VIVA,R02,APELADA,79.0,75.0,/content/Urban_Flow-Villalba_Ezequiel/urban_flow/data/raw/imgs/urban_flow_plates/28e26a4eb646c67a_patente.jpg,FVIDUHP,85.71
3263,GCP332,2022-04-16,11:13,140.0,80,RUTA 9,R03,APELADA,60.0,56.0,/content/Urban_Flow-Villalba_Ezequiel/urban_flow/data/raw/imgs/urban_flow_plates/d648b2ae1abc09f3_patente.jpg,G0GCP332,85.71
3266,HK06YMX,2022-07-22,10:12,65.0,40,AV LIBERTADOR,R01,IMPAGA,25.0,23.0,/content/Urban_Flow-Villalba_Ezequiel/urban_flow/data/raw/imgs/urban_flow_plates/9a4fe6361597f264_patente.jpg,HKO6YMX,85.71
3269,6611172,1932-01-01,15:55,67.0,60,AV LIBERTADOR,R02,PAGADA,7.0,4.0,/content/Urban_Flow-Villalba_Ezequiel/urban_flow/data/raw/imgs/urban_flow_plates/7a1f9520c7ecd5b1_patente.jpg,6611172,100.0
3270,BB8986,2021-08-15,00:00,94.0,40,RUTA 9,R02,APELADA,54.0,52.0,/content/Urban_Flow-Villalba_Ezequiel/urban_flow/data/raw/imgs/urban_flow_plates/7cbc7ee444622a66_patente.jpg,BB8986,100.0
3272,MPX9357,2023-12-09,00:00,115.0,80,RUTA 9,R01,APELADA,35.0,31.0,/content/Urban_Flow-Villalba_Ezequiel/urban_flow/data/raw/imgs/urban_flow_plates/182268e1f8c6525f_patente.jpg,MPX9357,100.0
3273,6611172,1932-01-01,15:55,98.0,80,AV SIEMPRE VIVA,R03,PAGADA,18.0,14.0,/content/Urban_Flow-Villalba_Ezequiel/urban_flow/data/raw/imgs/urban_flow_plates/7a1f9520c7ecd5b1_patente.jpg,6611172,100.0
3284,589222,1932-01-01,20:20,93.0,80,AV SIEMPRE VIVA,R03,ERROR,13.0,9.0,/content/Urban_Flow-Villalba_Ezequiel/urban_flow/data/raw/imgs/urban_flow_plates/246a0e4264a39433_patente.jpg,589222,100.0
3288,UM96201,1932-01-01,11:15,110.0,80,RUTA 9,R02,PAGADA,30.0,26.0,/content/Urban_Flow-Villalba_Ezequiel/urban_flow/data/raw/imgs/urban_flow_plates/09453a7c716a9ef3_patente.jpg,UM96201,100.0
3290,FVIOUHP,2021-01-13,00:00,52.0,40,AV LIBERTADOR,R01,PAGADA,12.0,10.0,/content/Urban_Flow-Villalba_Ezequiel/urban_flow/data/raw/imgs/urban_flow_plates/28e26a4eb646c67a_patente.jpg,FVIDUHP,85.71
3298,HF58HXP,2022-12-05,20:21,75.0,40,AV SIEMPRE VIVA,R02,IMPAGA,35.0,33.0,/content/Urban_Flow-Villalba_Ezequiel/urban_flow/data/raw/imgs/urban_flow_plates/9a795bbf4e94d630_patente.jpg,HF5BHXP,85.71
3311,BHRP770,2022-06-01,20:22,90.0,60,AV LIBERTADOR,R02,APELADA,30.0,27.0,/content/Urban_Flow-Villalba_Ezequiel/urban_flow/data/raw/imgs/urban_flow_plates/321ffb38656f7311_patente.jpg,BHRP770,100.0
3312,J1S1,1932-01-01,10:14,150.0,80,RUTA 9,,APELADA,70.0,66.0,/content/Urban_Flow-Villalba_Ezequiel/urban_flow/data/raw/imgs/urban_flow_plates/e82f13b4a2fe69f3_patente_1.jpg,J1S1,100.0
3320,VNK296GP,2020-09-12,20:22,153.0,80,AV LIBERTADOR,R03,PAGADA,73.0,69.0,/content/Urban_Flow-Villalba_Ezequiel/urban_flow/data/raw/imgs/urban_flow_plates/16789af24af158d8_patente.jp2,NK226GP,80.0
3346,3646HBH,2021-02-16,10:16,106.0,80,RUTA 9,R01,IMPAGA,26.0,22.0,/content/Urban_Flow-Villalba_Ezequiel/urban_flow/data/raw/imgs/urban_flow_plates/d3729058c6a4186e_patente.jpg,3646HBH,100.0
3347,691XC80,1932-01-01,15:57,51.0,40,RUTA 9,R01,IMPAGA,11.0,9.0,/content/Urban_Flow-Villalba_Ezequiel/urban_flow/data/raw/imgs/urban_flow_plates/5a122adbb1a776b7_patente.jpg,691XC80,100.0
3350,5777770,1932-01-01,00:00,135.0,60,AV SIEMPRE VIVA,R02,PAGADA,75.0,72.0,/content/Urban_Flow-Villalba_Ezequiel/urban_flow/data/raw/imgs/urban_flow_plates/7f56adf4b9306ac9_patente.jpg,5777770,100.0
3373,2999961,2021-03-12,20:24,49.0,40,AV SIEMPRE VIVA,R03,APELADA,9.0,7.0,/content/Urban_Flow-Villalba_Ezequiel/urban_flow/data/raw/imgs/urban_flow_plates/5ff91ccfc6f15d04_patente.jpg,2999961,100.0
3384,3646HBH,2021-10-07,00:00,101.0,80,AV LIBERTADOR,R02,IMPAGA,21.0,17.0,/content/Urban_Flow-Villalba_Ezequiel/urban_flow/data/raw/imgs/urban_flow_plates/d3729058c6a4186e_patente.jpg,3646HBH,100.0
3386,MPX9357,2023-01-08,20:25,89.0,80,AV SIEMPRE VIVA,R03,APELADA,9.0,5.0,/content/Urban_Flow-Villalba_Ezequiel/urban_flow/data/raw/imgs/urban_flow_plates/182268e1f8c6525f_patente.jpg,MPX9357,100.0
3394,HF3461,2023-12-22,20:25,131.0,60,AV LIBERTADOR,R01,APELADA,71.0,68.0,/content/Urban_Flow-Villalba_Ezequiel/urban_flow/data/raw/imgs/urban_flow_plates/a6e3b0b73220cd32_patente.jpg,HF3461,100.0
3401,BHRP770,1932-01-01,20:25,130.0,60,AV LIBERTADOR,,PAGADA,70.0,67.0,/content/Urban_Flow-Villalba_Ezequiel/urban_flow/data/raw/imgs/urban_flow_plates/321ffb38656f7311_patente.jpg,BHRP770,100.0
3403,GCP332,1932-01-01,11:20,136.0,60,AV LIBERTADOR,,PAGADA,76.0,73.0,/content/Urban_Flow-Villalba_Ezequiel/urban_flow/data/raw/imgs/urban_flow_plates/d648b2ae1abc09f3_patente.jpg,G0GCP332,85.71
3419,FD1475,2023-12-03,11:21,114.0,40,AV LIBERTADOR,R02,APELADA,74.0,72.0,/content/Urban_Flow-Villalba_Ezequiel/urban_flow/data/raw/imgs/urban_flow_plates/d8daed582e6cce2d_patente.jpg,FD147,90.91
3430,VNK296GP,2023-06-23,20:26,83.0,60,AV LIBERTADOR,R02,PAGADA,23.0,20.0,/content/Urban_Flow-Villalba_Ezequiel/urban_flow/data/raw/imgs/urban_flow_plates/16789af24af158d8_patente.jp2,NK226GP,80.0
3432,VY90540,2020-12-08,10:21,127.0,80,RUTA 9,,APELADA,47.0,43.0,/content/Urban_Flow-Villalba_Ezequiel/urban_flow/data/raw/imgs/urban_flow_plates/288a95c01e43cd14_patente.jpg,VY90540,100.0
3449,HK06YMX,2020-11-29,20:27,84.0,40,AV LIBERTADOR,R01,ERROR,44.0,42.0,/content/Urban_Flow-Villalba_Ezequiel/urban_flow/data/raw/imgs/urban_flow_plates/9a4fe6361597f264_patente.jpg,HKO6YMX,85.71
3451,M431ZW,2022-04-29,20:27,97.0,60,AV SIEMPRE VIVA,R02,PAGADA,37.0,34.0,/content/Urban_Flow-Villalba_Ezequiel/urban_flow/data/raw/imgs/urban_flow_plates/299f0363ae21d1c3_patente.jpg,M431ZM,83.33
3453,CT5B876,2022-06-28,11:22,87.0,40,AV LIBERTADOR,,APELADA,47.0,45.0,/content/Urban_Flow-Villalba_Ezequiel/urban_flow/data/raw/imgs/urban_flow_plates/39c193bcc0c00f9e_patente.jpg,C75B876,85.71
3456,BHRP770,2023-12-08,20:27,106.0,60,AV LIBERTADOR,R01,ERROR,46.0,43.0,/content/Urban_Flow-Villalba_Ezequiel/urban_flow/data/raw/imgs/urban_flow_plates/321ffb38656f7311_patente.jpg,BHRP770,100.0
3464,FVIOUHP,1932-01-01,10:22,146.0,80,RUTA 9,R02,IMPAGA,66.0,62.0,/content/Urban_Flow-Villalba_Ezequiel/urban_flow/data/raw/imgs/urban_flow_plates/28e26a4eb646c67a_patente.jpg,FVIDUHP,85.71
3471,HF58HXP,2021-06-21,16:01,91.0,40,AV SIEMPRE VIVA,R02,IMPAGA,51.0,49.0,/content/Urban_Flow-Villalba_Ezequiel/urban_flow/data/raw/imgs/urban_flow_plates/9a795bbf4e94d630_patente.jpg,HF5BHXP,85.71
3474,HF3461,1932-01-01,20:28,99.0,80,RUTA 9,R01,IMPAGA,19.0,15.0,/content/Urban_Flow-Villalba_Ezequiel/urban_flow/data/raw/imgs/urban_flow_plates/a6e3b0b73220cd32_patente.jpg,HF3461,100.0
3478,HF3461,2020-06-14,20:28,50.0,40,AV SIEMPRE VIVA,R03,IMPAGA,10.0,8.0,/content/Urban_Flow-Villalba_Ezequiel/urban_flow/data/raw/imgs/urban_flow_plates/a6e3b0b73220cd32_patente.jpg,HF3461,100.0
3485,5777770,1932-01-01,16:02,76.0,40,AV LIBERTADOR,R02,APELADA,36.0,34.0,/content/Urban_Flow-Villalba_Ezequiel/urban_flow/data/raw/imgs/urban_flow_plates/7f56adf4b9306ac9_patente.jpg,5777770,100.0
3487,GCP332,2023-03-03,11:23,128.0,60,AV LIBERTADOR,R02,IMPAGA,68.0,65.0,/content/Urban_Flow-Villalba_Ezequiel/urban_flow/data/raw/imgs/urban_flow_plates/d648b2ae1abc09f3_patente.jpg,G0GCP332,85.71
3488,VY90540,2022-06-23,00:00,91.0,80,AV SIEMPRE VIVA,R01,PAGADA,11.0,7.0,/content/Urban_Flow-Villalba_Ezequiel/urban_flow/data/raw/imgs/urban_flow_plates/288a95c01e43cd14_patente.jpg,VY90540,100.0
3489,3646HBH,2022-04-24,11:23,82.0,40,AV LIBERTADOR,R03,APELADA,42.0,40.0,/content/Urban_Flow-Villalba_Ezequiel/urban_flow/data/raw/imgs/urban_flow_plates/d3729058c6a4186e_patente.jpg,3646HBH,100.0
3503,AI7OVF,1932-01-01,00:00,90.0,40,AV LIBERTADOR,R01,IMPAGA,50.0,48.0,/content/Urban_Flow-Villalba_Ezequiel/urban_flow/data/raw/imgs/urban_flow_plates/747b0f12f54703ee_patente.jpg,AI70VF,83.33
3518,MPX9357,2021-01-24,10:24,103.0,60,AV LIBERTADOR,R02,APELADA,43.0,40.0,/content/Urban_Flow-Villalba_Ezequiel/urban_flow/data/raw/imgs/urban_flow_plates/182268e1f8c6525f_patente.jpg,MPX9357,100.0
3532,5777770,1932-01-01,10:25,65.0,40,AV SIEMPRE VIVA,R02,APELADA,25.0,23.0,/content/Urban_Flow-Villalba_Ezequiel/urban_flow/data/raw/imgs/urban_flow_plates/7f56adf4b9306ac9_patente.jpg,5777770,100.0
3537,5777770,1932-01-01,10:26,80.0,40,AV SIEMPRE VIVA,R01,IMPAGA,40.0,38.0,/content/Urban_Flow-Villalba_Ezequiel/urban_flow/data/raw/imgs/urban_flow_plates/7f56adf4b9306ac9_patente.jpg,5777770,100.0
3542,BM351,2023-10-26,16:05,49.0,40,RUTA 9,R02,IMPAGA,9.0,7.0,/content/Urban_Flow-Villalba_Ezequiel/urban_flow/data/raw/imgs/urban_flow_plates/9995dfc6e0eae5a1_patente.jpg,BM351,100.0
3555,3646HBH,2020-06-29,16:05,104.0,80,RUTA 9,R03,APELADA,24.0,20.0,/content/Urban_Flow-Villalba_Ezequiel/urban_flow/data/raw/imgs/urban_flow_plates/d3729058c6a4186e_patente.jpg,3646HBH,100.0
3562,BM351,1932-01-01,11:26,155.0,80,AV SIEMPRE VIVA,R03,PAGADA,75.0,71.0,/content/Urban_Flow-Villalba_Ezequiel/urban_flow/data/raw/imgs/urban_flow_plates/9995dfc6e0eae5a1_patente.jpg,BM351,100.0
3566,UM96201,2020-03-21,11:26,68.0,60,RUTA 9,R02,APELADA,8.0,5.0,/content/Urban_Flow-Villalba_Ezequiel/urban_flow/data/raw/imgs/urban_flow_plates/09453a7c716a9ef3_patente.jpg,UM96201,100.0
3569,BHRP770,1932-01-01,20:30,109.0,60,AV SIEMPRE VIVA,R01,ERROR,49.0,46.0,/content/Urban_Flow-Villalba_Ezequiel/urban_flow/data/raw/imgs/urban_flow_plates/321ffb38656f7311_patente.jpg,BHRP770,100.0
3584,MPX9357,1932-01-01,10:28,87.0,40,RUTA 9,R01,IMPAGA,47.0,45.0,/content/Urban_Flow-Villalba_Ezequiel/urban_flow/data/raw/imgs/urban_flow_plates/182268e1f8c6525f_patente.jpg,MPX9357,100.0
3586,MPX9357,2021-01-30,11:27,120.0,40,AV LIBERTADOR,R01,ERROR,80.0,78.0,/content/Urban_Flow-Villalba_Ezequiel/urban_flow/data/raw/imgs/urban_flow_plates/182268e1f8c6525f_patente.jpg,MPX9357,100.0
3587,GOOGLE,2021-06-08,20:31,64.0,60,AV LIBERTADOR,,PAGADA,4.0,1.0,/content/Urban_Flow-Villalba_Ezequiel/urban_flow/data/raw/imgs/urban_flow_plates/593e594137f374ab.jpg,SGOOGLE,92.31
3590,MPX9357,2021-06-19,11:27,99.0,80,AV SIEMPRE VIVA,R03,ERROR,19.0,15.0,/content/Urban_Flow-Villalba_Ezequiel/urban_flow/data/raw/imgs/urban_flow_plates/182268e1f8c6525f_patente.jpg,MPX9357,100.0
3599,W326AVE,2020-09-26,16:07,131.0,80,AV SIEMPRE VIVA,R03,ERROR,51.0,47.0,/content/Urban_Flow-Villalba_Ezequiel/urban_flow/data/raw/imgs/urban_flow_plates/6c144e47161867c2_patente.jpg,W326AVE,100.0
3600,HF58HXP,1932-01-01,16:07,129.0,80,RUTA 9,,APELADA,49.0,45.0,/content/Urban_Flow-Villalba_Ezequiel/urban_flow/data/raw/imgs/urban_flow_plates/9a795bbf4e94d630_patente.jpg,HF5BHXP,85.71
3614,BP717,2022-02-17,10:29,106.0,40,AV SIEMPRE VIVA,R01,PAGADA,66.0,64.0,/content/Urban_Flow-Villalba_Ezequiel/urban_flow/data/raw/imgs/urban_flow_plates/e1120bfe48f85c1b_patente.jpg,BP717,100.0
3615,81ZFJD,2021-02-28,10:29,85.0,60,AV LIBERTADOR,,ERROR,25.0,22.0,/content/Urban_Flow-Villalba_Ezequiel/urban_flow/data/raw/imgs/urban_flow_plates/02a6ef3d9bd68e91_patente.jpg,81ZFD,90.91
3629,UM96201,2020-07-03,11:28,92.0,80,AV SIEMPRE VIVA,R02,PAGADA,12.0,8.0,/content/Urban_Flow-Villalba_Ezequiel/urban_flow/data/raw/imgs/urban_flow_plates/09453a7c716a9ef3_patente.jpg,UM96201,100.0
3642,W326AVE,2021-07-18,16:10,90.0,60,AV LIBERTADOR,,PAGADA,30.0,27.0,/content/Urban_Flow-Villalba_Ezequiel/urban_flow/data/raw/imgs/urban_flow_plates/6c144e47161867c2_patente.jpg,W326AVE,100.0
3643,CT5B876,2020-09-06,10:30,122.0,60,RUTA 9,R02,APELADA,62.0,59.0,/content/Urban_Flow-Villalba_Ezequiel/urban_flow/data/raw/imgs/urban_flow_plates/39c193bcc0c00f9e_patente.jpg,C75B876,85.71
3654,W326AVE,1932-01-01,00:00,73.0,40,AV SIEMPRE VIVA,R01,PAGADA,33.0,31.0,/content/Urban_Flow-Villalba_Ezequiel/urban_flow/data/raw/imgs/urban_flow_plates/6c144e47161867c2_patente.jpg,W326AVE,100.0
3657,BM351,2023-07-16,10:31,67.0,60,AV SIEMPRE VIVA,R01,ERROR,7.0,4.0,/content/Urban_Flow-Villalba_Ezequiel/urban_flow/data/raw/imgs/urban_flow_plates/9995dfc6e0eae5a1_patente.jpg,BM351,100.0
3660,HF58HXP,2023-06-14,00:00,58.0,40,RUTA 9,R01,IMPAGA,18.0,16.0,/content/Urban_Flow-Villalba_Ezequiel/urban_flow/data/raw/imgs/urban_flow_plates/9a795bbf4e94d630_patente.jpg,HF5BHXP,85.71
3661,VNK296GP,2022-05-13,10:31,104.0,60,AV LIBERTADOR,R03,ERROR,44.0,41.0,/content/Urban_Flow-Villalba_Ezequiel/urban_flow/data/raw/imgs/urban_flow_plates/16789af24af158d8_patente.jp2,NK226GP,80.0
3664,UM96201,1932-01-01,11:29,124.0,80,AV LIBERTADOR,,PAGADA,44.0,40.0,/content/Urban_Flow-Villalba_Ezequiel/urban_flow/data/raw/imgs/urban_flow_plates/09453a7c716a9ef3_patente.jpg,UM96201,100.0
3666,W326AVE,2020-08-28,16:11,117.0,40,AV SIEMPRE VIVA,R03,APELADA,77.0,75.0,/content/Urban_Flow-Villalba_Ezequiel/urban_flow/data/raw/imgs/urban_flow_plates/6c144e47161867c2_patente.jpg,W326AVE,100.0
3668,UM96201,2020-09-20,20:34,140.0,60,RUTA 9,,APELADA,80.0,77.0,/content/Urban_Flow-Villalba_Ezequiel/urban_flow/data/raw/imgs/urban_flow_plates/09453a7c716a9ef3_patente.jpg,UM96201,100.0
3676,HF3461,2021-10-21,10:31,126.0,80,AV SIEMPRE VIVA,,APELADA,46.0,42.0,/content/Urban_Flow-Villalba_Ezequiel/urban_flow/data/raw/imgs/urban_flow_plates/a6e3b0b73220cd32_patente.jpg,HF3461,100.0
3679,HK06YMX,2023-10-25,16:12,108.0,40,AV LIBERTADOR,R02,PAGADA,68.0,66.0,/content/Urban_Flow-Villalba_Ezequiel/urban_flow/data/raw/imgs/urban_flow_plates/9a4fe6361597f264_patente.jpg,HKO6YMX,85.71
3683,HK06YMX,2020-09-08,10:32,65.0,60,AV LIBERTADOR,R01,PAGADA,5.0,2.0,/content/Urban_Flow-Villalba_Ezequiel/urban_flow/data/raw/imgs/urban_flow_plates/9a4fe6361597f264_patente.jpg,HKO6YMX,85.71
3703,HK06YMX,1932-01-01,11:30,156.0,80,AV LIBERTADOR,R02,APELADA,76.0,72.0,/content/Urban_Flow-Villalba_Ezequiel/urban_flow/data/raw/imgs/urban_flow_plates/9a4fe6361597f264_patente.jpg,HKO6YMX,85.71
3707,XIIUME,1932-01-01,20:36,140.0,60,AV LIBERTADOR,R01,IMPAGA,80.0,77.0,/content/Urban_Flow-Villalba_Ezequiel/urban_flow/data/raw/imgs/urban_flow_plates/64de505bd2bac82b_patente.jpg,XIIUME,100.0
3719,BM351,2023-12-24,11:30,92.0,80,AV LIBERTADOR,R03,APELADA,12.0,8.0,/content/Urban_Flow-Villalba_Ezequiel/urban_flow/data/raw/imgs/urban_flow_plates/9995dfc6e0eae5a1_patente.jpg,BM351,100.0
3724,W326AVE,2024-01-23,20:37,118.0,80,AV LIBERTADOR,R01,APELADA,38.0,34.0,/content/Urban_Flow-Villalba_Ezequiel/urban_flow/data/raw/imgs/urban_flow_plates/6c144e47161867c2_patente.jpg,W326AVE,100.0
3728,3646HBH,1932-01-01,10:33,138.0,60,AV LIBERTADOR,R01,APELADA,78.0,75.0,/content/Urban_Flow-Villalba_Ezequiel/urban_flow/data/raw/imgs/urban_flow_plates/d3729058c6a4186e_patente.jpg,3646HBH,100.0
3730,J1S1,2023-04-26,20:37,126.0,80,RUTA 9,R01,PAGADA,46.0,42.0,/content/Urban_Flow-Villalba_Ezequiel/urban_flow/data/raw/imgs/urban_flow_plates/e82f13b4a2fe69f3_patente_1.jpg,J1S1,100.0
3734,UM96201,2024-02-07,20:37,95.0,80,RUTA 9,R01,APELADA,15.0,11.0,/content/Urban_Flow-Villalba_Ezequiel/urban_flow/data/raw/imgs/urban_flow_plates/09453a7c716a9ef3_patente.jpg,UM96201,100.0
3744,GCP332,2024-02-04,10:34,83.0,60,RUTA 9,,ERROR,23.0,20.0,/content/Urban_Flow-Villalba_Ezequiel/urban_flow/data/raw/imgs/urban_flow_plates/d648b2ae1abc09f3_patente.jpg,G0GCP332,85.71
3745,VNK296GP,2021-10-29,10:34,79.0,40,RUTA 9,,IMPAGA,39.0,37.0,/content/Urban_Flow-Villalba_Ezequiel/urban_flow/data/raw/imgs/urban_flow_plates/16789af24af158d8_patente.jp2,NK226GP,80.0
3746,GCP332,2020-07-17,20:38,110.0,80,AV LIBERTADOR,R03,APELADA,30.0,26.0,/content/Urban_Flow-Villalba_Ezequiel/urban_flow/data/raw/imgs/urban_flow_plates/d648b2ae1abc09f3_patente.jpg,G0GCP332,85.71
3748,J1S1,1932-01-01,00:00,80.0,60,AV LIBERTADOR,R01,IMPAGA,20.0,17.0,/content/Urban_Flow-Villalba_Ezequiel/urban_flow/data/raw/imgs/urban_flow_plates/e82f13b4a2fe69f3_patente_1.jpg,J1S1,100.0
3752,J1S1,2020-11-12,16:15,47.0,40,RUTA 9,R03,ERROR,7.0,5.0,/content/Urban_Flow-Villalba_Ezequiel/urban_flow/data/raw/imgs/urban_flow_plates/e82f13b4a2fe69f3_patente_1.jpg,J1S1,100.0
3757,GCP332,2023-03-09,11:32,88.0,40,RUTA 9,,ERROR,48.0,46.0,/content/Urban_Flow-Villalba_Ezequiel/urban_flow/data/raw/imgs/urban_flow_plates/d648b2ae1abc09f3_patente.jpg,G0GCP332,85.71
3758,VNK296GP,1932-01-01,10:34,49.0,40,RUTA 9,R03,PAGADA,9.0,7.0,/content/Urban_Flow-Villalba_Ezequiel/urban_flow/data/raw/imgs/urban_flow_plates/16789af24af158d8_patente.jp2,NK226GP,80.0
3765,81ZFJD,1932-01-01,16:15,129.0,60,AV LIBERTADOR,R02,ERROR,69.0,66.0,/content/Urban_Flow-Villalba_Ezequiel/urban_flow/data/raw/imgs/urban_flow_plates/02a6ef3d9bd68e91_patente.jpg,81ZFD,90.91
3767,BM351,2023-03-10,10:35,120.0,60,AV LIBERTADOR,R03,PAGADA,60.0,57.0,/content/Urban_Flow-Villalba_Ezequiel/urban_flow/data/raw/imgs/urban_flow_plates/9995dfc6e0eae5a1_patente.jpg,BM351,100.0
3768,VNK296GP,2020-07-27,00:00,137.0,80,RUTA 9,R03,APELADA,57.0,53.0,/content/Urban_Flow-Villalba_Ezequiel/urban_flow/data/raw/imgs/urban_flow_plates/16789af24af158d8_patente.jp2,NK226GP,80.0
3773,HF3461,1932-01-01,20:40,76.0,40,AV LIBERTADOR,,IMPAGA,36.0,34.0,/content/Urban_Flow-Villalba_Ezequiel/urban_flow/data/raw/imgs/urban_flow_plates/a6e3b0b73220cd32_patente.jpg,HF3461,100.0
3776,VNK296GP,1932-01-01,20:40,85.0,80,AV LIBERTADOR,R03,IMPAGA,5.0,1.0,/content/Urban_Flow-Villalba_Ezequiel/urban_flow/data/raw/imgs/urban_flow_plates/16789af24af158d8_patente.jp2,NK226GP,80.0
3783,BB8986,1932-01-01,16:16,64.0,60,AV SIEMPRE VIVA,R01,PAGADA,4.0,1.0,/content/Urban_Flow-Villalba_Ezequiel/urban_flow/data/raw/imgs/urban_flow_plates/7cbc7ee444622a66_patente.jpg,BB8986,100.0
3785,GOOGLE,2021-07-24,16:16,55.0,40,AV LIBERTADOR,R02,APELADA,15.0,13.0,/content/Urban_Flow-Villalba_Ezequiel/urban_flow/data/raw/imgs/urban_flow_plates/593e594137f374ab.jpg,SGOOGLE,92.31
3788,HF3461,2021-07-16,16:16,98.0,80,RUTA 9,R02,ERROR,18.0,14.0,/content/Urban_Flow-Villalba_Ezequiel/urban_flow/data/raw/imgs/urban_flow_plates/a6e3b0b73220cd32_patente.jpg,HF3461,100.0
3792,M431ZW,2023-05-10,20:41,143.0,80,RUTA 9,R01,APELADA,63.0,59.0,/content/Urban_Flow-Villalba_Ezequiel/urban_flow/data/raw/imgs/urban_flow_plates/299f0363ae21d1c3_patente.jpg,M431ZM,83.33
3798,HF3461,2023-12-10,11:32,79.0,40,AV SIEMPRE VIVA,R02,PAGADA,39.0,37.0,/content/Urban_Flow-Villalba_Ezequiel/urban_flow/data/raw/imgs/urban_flow_plates/a6e3b0b73220cd32_patente.jpg,HF3461,100.0
3807,691XC80,1932-01-01,16:17,128.0,80,AV LIBERTADOR,R01,PAGADA,48.0,44.0,/content/Urban_Flow-Villalba_Ezequiel/urban_flow/data/raw/imgs/urban_flow_plates/5a122adbb1a776b7_patente.jpg,691XC80,100.0
3808,M431ZW,2022-09-16,10:36,76.0,40,AV LIBERTADOR,R03,APELADA,36.0,34.0,/content/Urban_Flow-Villalba_Ezequiel/urban_flow/data/raw/imgs/urban_flow_plates/299f0363ae21d1c3_patente.jpg,M431ZM,83.33
3817,XIIUME,2021-08-27,11:34,129.0,80,AV LIBERTADOR,,APELADA,49.0,45.0,/content/Urban_Flow-Villalba_Ezequiel/urban_flow/data/raw/imgs/urban_flow_plates/64de505bd2bac82b_patente.jpg,XIIUME,100.0
3822,BM351,1932-01-01,00:00,81.0,60,AV LIBERTADOR,R02,ERROR,21.0,18.0,/content/Urban_Flow-Villalba_Ezequiel/urban_flow/data/raw/imgs/urban_flow_plates/9995dfc6e0eae5a1_patente.jpg,BM351,100.0
3827,M431ZW,2023-03-10,16:18,58.0,40,RUTA 9,R03,IMPAGA,18.0,16.0,/content/Urban_Flow-Villalba_Ezequiel/urban_flow/data/raw/imgs/urban_flow_plates/299f0363ae21d1c3_patente.jpg,M431ZM,83.33
3829,2999961,2020-08-01,00:00,109.0,80,AV SIEMPRE VIVA,R02,IMPAGA,29.0,25.0,/content/Urban_Flow-Villalba_Ezequiel/urban_flow/data/raw/imgs/urban_flow_plates/5ff91ccfc6f15d04_patente.jpg,2999961,100.0
3833,HF3461,2023-03-03,16:18,97.0,40,AV SIEMPRE VIVA,,PAGADA,57.0,55.0,/content/Urban_Flow-Villalba_Ezequiel/urban_flow/data/raw/imgs/urban_flow_plates/a6e3b0b73220cd32_patente.jpg,HF3461,100.0
3840,GOOGLE,2023-05-21,16:19,94.0,80,AV LIBERTADOR,R02,ERROR,14.0,10.0,/content/Urban_Flow-Villalba_Ezequiel/urban_flow/data/raw/imgs/urban_flow_plates/593e594137f374ab.jpg,SGOOGLE,92.31
3844,691XC80,2023-11-12,11:35,111.0,40,AV SIEMPRE VIVA,R02,APELADA,71.0,69.0,/content/Urban_Flow-Villalba_Ezequiel/urban_flow/data/raw/imgs/urban_flow_plates/5a122adbb1a776b7_patente.jpg,691XC80,100.0
3846,BP717,2022-07-17,16:19,94.0,40,AV LIBERTADOR,,ERROR,54.0,52.0,/content/Urban_Flow-Villalba_Ezequiel/urban_flow/data/raw/imgs/urban_flow_plates/e1120bfe48f85c1b_patente.jpg,BP717,100.0
3851,XIIUME,2020-08-28,16:19,121.0,80,AV LIBERTADOR,,APELADA,41.0,37.0,/content/Urban_Flow-Villalba_Ezequiel/urban_flow/data/raw/imgs/urban_flow_plates/64de505bd2bac82b_patente.jpg,XIIUME,100.0
3853,BP717,2021-07-26,11:35,105.0,80,AV LIBERTADOR,R02,PAGADA,25.0,21.0,/content/Urban_Flow-Villalba_Ezequiel/urban_flow/data/raw/imgs/urban_flow_plates/e1120bfe48f85c1b_patente.jpg,BP717,100.0
3854,GOOGLE,2022-08-09,16:20,53.0,40,AV SIEMPRE VIVA,R01,ERROR,13.0,11.0,/content/Urban_Flow-Villalba_Ezequiel/urban_flow/data/raw/imgs/urban_flow_plates/593e594137f374ab.jpg,SGOOGLE,92.31
3860,3646HBH,1932-01-01,11:36,112.0,80,RUTA 9,R01,PAGADA,32.0,28.0,/content/Urban_Flow-Villalba_Ezequiel/urban_flow/data/raw/imgs/urban_flow_plates/d3729058c6a4186e_patente.jpg,3646HBH,100.0
3861,81ZFJD,2020-10-07,20:44,150.0,80,AV LIBERTADOR,R01,IMPAGA,70.0,66.0,/content/Urban_Flow-Villalba_Ezequiel/urban_flow/data/raw/imgs/urban_flow_plates/02a6ef3d9bd68e91_patente.jpg,81ZFD,90.91
3868,W326AVE,2023-04-12,11:36,139.0,60,RUTA 9,,IMPAGA,79.0,76.0,/content/Urban_Flow-Villalba_Ezequiel/urban_flow/data/raw/imgs/urban_flow_plates/6c144e47161867c2_patente.jpg,W326AVE,100.0
3870,3646HBH,2023-02-13,10:38,47.0,40,RUTA 9,R03,ERROR,7.0,5.0,/content/Urban_Flow-Villalba_Ezequiel/urban_flow/data/raw/imgs/urban_flow_plates/d3729058c6a4186e_patente.jpg,3646HBH,100.0
3878,HF3461,2021-12-26,11:37,151.0,80,AV SIEMPRE VIVA,,APELADA,71.0,67.0,/content/Urban_Flow-Villalba_Ezequiel/urban_flow/data/raw/imgs/urban_flow_plates/a6e3b0b73220cd32_patente.jpg,HF3461,100.0
3891,J1S1,1932-01-01,20:46,87.0,60,AV LIBERTADOR,R03,ERROR,27.0,24.0,/content/Urban_Flow-Villalba_Ezequiel/urban_flow/data/raw/imgs/urban_flow_plates/e82f13b4a2fe69f3_patente_1.jpg,J1S1,100.0
3900,691XC80,2023-12-30,10:39,75.0,40,RUTA 9,R03,IMPAGA,35.0,33.0,/content/Urban_Flow-Villalba_Ezequiel/urban_flow/data/raw/imgs/urban_flow_plates/5a122adbb1a776b7_patente.jpg,691XC80,100.0
3905,5777770,1932-01-01,00:00,108.0,80,RUTA 9,R02,PAGADA,28.0,24.0,/content/Urban_Flow-Villalba_Ezequiel/urban_flow/data/raw/imgs/urban_flow_plates/7f56adf4b9306ac9_patente.jpg,5777770,100.0
3913,VNK296GP,2022-09-24,16:22,135.0,80,RUTA 9,R03,APELADA,55.0,51.0,/content/Urban_Flow-Villalba_Ezequiel/urban_flow/data/raw/imgs/urban_flow_plates/16789af24af158d8_patente.jp2,NK226GP,80.0
3926,MVU4688,2022-06-21,20:47,130.0,60,AV LIBERTADOR,R01,PAGADA,70.0,67.0,/content/Urban_Flow-Villalba_Ezequiel/urban_flow/data/raw/imgs/urban_flow_plates/3feecc5809a29627_patente.jpg,MVU4688,100.0
3929,FVIOUHP,2022-01-19,11:39,141.0,80,AV SIEMPRE VIVA,,APELADA,61.0,57.0,/content/Urban_Flow-Villalba_Ezequiel/urban_flow/data/raw/imgs/urban_flow_plates/28e26a4eb646c67a_patente.jpg,FVIDUHP,85.71
3933,BP717,2021-05-22,11:39,80.0,40,RUTA 9,,PAGADA,40.0,38.0,/content/Urban_Flow-Villalba_Ezequiel/urban_flow/data/raw/imgs/urban_flow_plates/e1120bfe48f85c1b_patente.jpg,BP717,100.0
3938,691XC80,2021-05-05,10:41,64.0,40,AV LIBERTADOR,R03,IMPAGA,24.0,22.0,/content/Urban_Flow-Villalba_Ezequiel/urban_flow/data/raw/imgs/urban_flow_plates/5a122adbb1a776b7_patente.jpg,691XC80,100.0
3946,691XC80,2023-09-12,11:40,45.0,40,AV SIEMPRE VIVA,R02,ERROR,5.0,3.0,/content/Urban_Flow-Villalba_Ezequiel/urban_flow/data/raw/imgs/urban_flow_plates/5a122adbb1a776b7_patente.jpg,691XC80,100.0
3950,XIIUME,2022-03-17,00:00,74.0,40,AV SIEMPRE VIVA,R01,IMPAGA,34.0,32.0,/content/Urban_Flow-Villalba_Ezequiel/urban_flow/data/raw/imgs/urban_flow_plates/64de505bd2bac82b_patente.jpg,XIIUME,100.0
3956,81ZFJD,2020-10-30,11:41,118.0,80,AV LIBERTADOR,R01,APELADA,38.0,34.0,/content/Urban_Flow-Villalba_Ezequiel/urban_flow/data/raw/imgs/urban_flow_plates/02a6ef3d9bd68e91_patente.jpg,81ZFD,90.91
3960,MPX9357,2020-09-17,11:41,124.0,60,AV LIBERTADOR,R03,APELADA,64.0,61.0,/content/Urban_Flow-Villalba_Ezequiel/urban_flow/data/raw/imgs/urban_flow_plates/182268e1f8c6525f_patente.jpg,MPX9357,100.0
3961,MVU4688,2023-10-28,20:48,108.0,60,AV SIEMPRE VIVA,R01,ERROR,48.0,45.0,/content/Urban_Flow-Villalba_Ezequiel/urban_flow/data/raw/imgs/urban_flow_plates/3feecc5809a29627_patente.jpg,MVU4688,100.0
3966,FD1475,2023-04-22,10:42,131.0,80,RUTA 9,R02,APELADA,51.0,47.0,/content/Urban_Flow-Villalba_Ezequiel/urban_flow/data/raw/imgs/urban_flow_plates/d8daed582e6cce2d_patente.jpg,FD147,90.91
3968,BB8986,2021-12-21,11:41,91.0,40,AV SIEMPRE VIVA,R01,IMPAGA,51.0,49.0,/content/Urban_Flow-Villalba_Ezequiel/urban_flow/data/raw/imgs/urban_flow_plates/7cbc7ee444622a66_patente.jpg,BB8986,100.0
3973,589222,2020-08-24,20:48,98.0,80,AV SIEMPRE VIVA,R01,ERROR,18.0,14.0,/content/Urban_Flow-Villalba_Ezequiel/urban_flow/data/raw/imgs/urban_flow_plates/246a0e4264a39433_patente.jpg,589222,100.0
3977,HF58HXP,2020-04-06,11:42,154.0,80,RUTA 9,,ERROR,74.0,70.0,/content/Urban_Flow-Villalba_Ezequiel/urban_flow/data/raw/imgs/urban_flow_plates/9a795bbf4e94d630_patente.jpg,HF5BHXP,85.71
3986,5777770,2021-02-01,11:42,48.0,40,AV LIBERTADOR,,PAGADA,8.0,6.0,/content/Urban_Flow-Villalba_Ezequiel/urban_flow/data/raw/imgs/urban_flow_plates/7f56adf4b9306ac9_patente.jpg,5777770,100.0
